age_group	year_of_production	rank	make_model	faults_pct	odometer_thousand_km	faults_per_thousand_km
2-3	2021–2022	1	Honda Jazz	2.4	28	0.08571428571428572
2-3	2021–2022	2	VW Golf Sportsvan	2.5	31	0.08064516129032258
2-3	2021–2022	3	Audi Q2	2.6	33	0.0787878787878788
2-3	2021–2022	3	Porsche 911 Carrera	2.6	21	0.12380952380952381
2-3	2021–2022	5	Mitsubishi ASX	2.7	40	0.0675
2-3	2021–2022	6	Mercedes-Benz B-Class	2.9	36	0.08055555555555555
2-3	2021–2022	6	VW T-Roc	2.9	34	0.08529411764705883
2-3	2021–2022	8	Mercedes-Benz GLC	3.3	53	0.062264150943396226
2-3	2021–2022	9	VW e-Golf	3.4	32	0.10625
2-3	2021–2022	10	Hyundai Tucson	3.5	37	0.0945945945945946
2-3	2021–2022	10	Suzuki Vitara	3.5	33	0.10606060606060606
2-3	2021–2022	12	Mazda 2	3.6	29	0.12413793103448276
2-3	2021–2022	13	Kia Picanto	3.8	25	0.152
2-3	2021–2022	13	Toyota RAV4	3.8	42	0.09047619047619047
2-3	2021–2022	15	Audi Q5	4.0	58	0.06896551724137931
2-3	2021–2022	15	Hyundai Kona Elektro	4.0	36	0.1111111111111111
2-3	2021–2022	15	Mercedes-Benz A-Class	4.0	40	0.1
2-3	2021–2022	18	BMW 1/2	4.2	39	0.1076923076923077
2-3	2021–2022	18	Suzuki Swift	4.2	31	0.13548387096774195
2-3	2021–2022	20	BMW 2 Active Tourer	4.3	46	0.09347826086956522
2-3	2021–2022	20	BMW X1	4.3	44	0.09772727272727272
2-3	2021–2022	22	Mini Cooper SE	4.4	25	0.17600000000000002
2-3	2021–2022	22	Volvo XC60	4.4	53	0.08301886792452831
2-3	2021–2022	24	Hyundai i10	4.5	25	0.18
2-3	2021–2022	24	Smart ForTwo	4.5	18	0.25
2-3	2021–2022	26	Audi A6/A7	4.6	68	0.06764705882352941
2-3	2021–2022	26	Hyundai ix20	4.6	30	0.15333333333333332
2-3	2021–2022	26	Renault Captur	4.6	30	0.15333333333333332
2-3	2021–2022	26	Toyota Yaris	4.6	28	0.16428571428571428
2-3	2021–2022	26	VW Touareg	4.6	57	0.0807017543859649
2-3	2021–2022	31	Audi A4/A5	4.7	60	0.07833333333333334
2-3	2021–2022	31	BMW X3/X4	4.7	53	0.08867924528301888
2-3	2021–2022	31	Hyundai Kona	4.7	32	0.146875
2-3	2021–2022	34	Mazda 3	4.8	39	0.12307692307692307
2-3	2021–2022	34	Mercedes-Benz C-Class	4.8	60	0.08
2-3	2021–2022	34	Mini	4.8	30	0.16
2-3	2021–2022	37	Audi A3	4.9	41	0.11951219512195123
2-3	2021–2022	37	Mercedes-Benz E-Class	4.9	64	0.0765625
2-3	2021–2022	37	Škoda Karoq	4.9	44	0.11136363636363637
2-3	2021–2022	40	Peugeot 2008	5.0	33	0.15151515151515152
2-3	2021–2022	40	Seat Ateca	5.0	42	0.11904761904761904
2-3	2021–2022	40	VW ID.3	5.0	33	0.15151515151515152
2-3	2021–2022	43	Citroën C3	5.1	30	0.16999999999999998
2-3	2021–2022	43	Peugeot 208	5.1	31	0.16451612903225804
2-3	2021–2022	43	VW Tiguan	5.1	49	0.10408163265306122
2-3	2021–2022	46	Cupra Formentor	5.2	33	0.1575757575757576
2-3	2021–2022	46	Nissan Qashqai	5.2	36	0.14444444444444446
2-3	2021–2022	46	VW T-Cross	5.2	27	0.1925925925925926
2-3	2021–2022	49	Kia Rio	5.3	30	0.17666666666666667
2-3	2021–2022	49	Mazda CX-3	5.3	36	0.14722222222222223
2-3	2021–2022	51	Mercedes-Benz GLE	5.4	59	0.09152542372881356
2-3	2021–2022	52	Audi Q3	5.6	42	0.13333333333333333
2-3	2021–2022	52	Ford Ecosport	5.6	28	0.19999999999999998
2-3	2021–2022	52	Mazda CX-5	5.6	39	0.14358974358974358
2-3	2021–2022	52	Opel Mokka	5.6	25	0.22399999999999998
2-3	2021–2022	56	Nissan Micra	5.7	28	0.20357142857142857
2-3	2021–2022	56	Renault Clio	5.7	32	0.178125
2-3	2021–2022	58	Kia Ceed	5.8	40	0.145
2-3	2021–2022	59	Ford Puma	5.9	31	0.1903225806451613
2-3	2021–2022	59	Renault Scenic	5.9	44	0.1340909090909091
2-3	2021–2022	59	VW ID.4/ID.5	5.9	38	0.15526315789473685
2-3	2021–2022	59	Škoda Fabia	5.9	32	0.184375
2-3	2021–2022	63	Fiat 500	6.1	24	0.25416666666666665
2-3	2021–2022	64	Ford Fiesta	6.2	33	0.1878787878787879
2-3	2021–2022	64	VW Golf	6.2	42	0.14761904761904762
2-3	2021–2022	66	Hyundai i30	6.3	38	0.16578947368421051
2-3	2021–2022	66	Opel Corsa	6.3	29	0.21724137931034482
2-3	2021–2022	66	Renault Twingo	6.0	25	0.24
2-3	2021–2022	69	Peugeot e-208	6.4	30	0.21333333333333335
2-3	2021–2022	70	BMW 3/4	6.5	60	0.10833333333333334
2-3	2021–2022	70	BMW X5/X6	6.5	64	0.1015625
2-3	2021–2022	70	VW Polo	6.5	33	0.19696969696969696
2-3	2021–2022	73	Škoda Kodiaq	6.6	64	0.103125
2-3	2021–2022	74	Kia Sportage	6.7	40	0.1675
2-3	2021–2022	74	Toyota Corolla	6.7	46	0.14565217391304347
2-3	2021–2022	74	VW Touran	6.7	56	0.11964285714285715
2-3	2021–2022	77	Opel Grandland	6.9	41	0.16829268292682928
2-3	2021–2022	78	Toyota Aygo	7.1	31	0.22903225806451613
2-3	2021–2022	78	VW Up!	7.1	35	0.20285714285714285
2-3	2021–2022	80	Fiat Panda	7.3	27	0.27037037037037037
2-3	2021–2022	81	VW e-Up!	7.5	27	0.2777777777777778
2-3	2021–2022	82	Renault Megane	7.8	47	0.16595744680851063
2-3	2021–2022	83	Seat Ibiza	7.9	33	0.2393939393939394
2-3	2021–2022	84	Dacia Sandero	8.0	32	0.25
2-3	2021–2022	85	BMW 5/6	8.2	65	0.12615384615384614
2-3	2021–2022	85	Opel Astra	8.2	47	0.17446808510638295
2-3	2021–2022	85	Seat Arona	8.2	31	0.264516129032258
2-3	2021–2022	85	VW Sharan	8.2	51	0.16078431372549018
2-3	2021–2022	89	Opel e-Corsa	8.3	29	0.28620689655172415
2-3	2021–2022	90	Dacia Duster	8.4	40	0.21000000000000002
2-3	2021–2022	90	Opel Insignia	8.4	60	0.14
2-3	2021–2022	92	Citroën Berlingo	8.7	44	0.19772727272727272
2-3	2021–2022	92	Seat Leon	8.7	43	0.2023255813953488
2-3	2021–2022	94	Audi A1	8.9	31	0.2870967741935484
2-3	2021–2022	94	Renault Zoe	8.9	30	0.2966666666666667
2-3	2021–2022	94	Škoda Citigo	8.9	29	0.30689655172413793
2-3	2021–2022	97	Ford Kuga	9.0	43	0.20930232558139536
2-3	2021–2022	98	Seat Alhambra	9.4	52	0.18076923076923077
2-3	2021–2022	98	Škoda Octavia	9.4	65	0.14461538461538462
2-3	2021–2022	100	Dacia Dokker	9.5	42	0.2261904761904762
2-3	2021–2022	101	Škoda Kamiq	9.6	34	0.2823529411764706
2-3	2021–2022	102	VW Passat	10.1	70	0.14428571428571427
2-3	2021–2022	103	Peugeot 308	10.3	51	0.2019607843137255
2-3	2021–2022	104	Opel Crossland	10.4	28	0.37142857142857144
2-3	2021–2022	104	VW Caddy	10.4	54	0.1925925925925926
2-3	2021–2022	106	Ford Focus	10.6	52	0.20384615384615384
2-3	2021–2022	107	Ford S-Max	11.3	70	0.16142857142857145
2-3	2021–2022	107	Škoda Superb	11.3	70	0.16142857142857145
2-3	2021–2022	109	Škoda Scala	11.8	43	0.2744186046511628
2-3	2021–2022	110	Ford Mondeo	13.2	72	0.18333333333333332
2-3	2021–2022	111	Tesla Model 3	14.2	53	0.2679245283018868
4-5	2019–2020	1	Porsche 911 Carrera	3.1	29	0.10689655172413794
4-5	2019–2020	2	VW Golf Sportsvan	3.6	49	0.07346938775510205
4-5	2019–2020	3	VW T-Roc	4.0	53	0.07547169811320754
4-5	2019–2020	4	Audi Q2	4.5	53	0.08490566037735849
4-5	2019–2020	4	Mercedes-Benz B-Class	4.5	50	0.09
4-5	2019–2020	6	VW e-Golf	4.6	44	0.10454545454545454
4-5	2019–2020	7	Audi A3	5.0	60	0.08333333333333333
4-5	2019–2020	7	Hyundai ix20	5.0	40	0.125
4-5	2019–2020	7	Mercedes-Benz GLC	5.0	69	0.07246376811594203
4-5	2019–2020	10	Toyota RAV4	5.1	61	0.08360655737704917
4-5	2019–2020	11	Skoda Karoq	5.3	62	0.08548387096774193
4-5	2019–2020	12	VW ID.3	5.4	35	0.1542857142857143
4-5	2019–2020	13	Honda Jazz	5.5	41	0.13414634146341464
4-5	2019–2020	14	Mitsubishi ASX	5.6	55	0.10181818181818181
4-5	2019–2020	15	Mercedes-Benz GLE	5.7	72	0.07916666666666666
4-5	2019–2020	16	Audi Q3	5.8	54	0.10740740740740741
4-5	2019–2020	16	Suzuki Vitara	5.8	54	0.10740740740740741
4-5	2019–2020	18	Mercedes-Benz C-Class	5.9	74	0.07972972972972973
4-5	2019–2020	19	Renault Captur	6.0	45	0.13333333333333333
4-5	2019–2020	20	Audi Q5	6.1	73	0.08356164383561643
4-5	2019–2020	20	Mercedes-Benz A-Class	6.1	57	0.10701754385964912
4-5	2019–2020	20	Skoda Kodiaq	6.1	81	0.07530864197530864
4-5	2019–2020	23	Mazda 2	6.2	45	0.13777777777777778
4-5	2019–2020	23	Seat Ateca	6.2	61	0.10163934426229508
4-5	2019–2020	25	VW Golf	6.3	69	0.09130434782608696
4-5	2019–2020	26	Kia Rio	6.4	51	0.12549019607843137
4-5	2019–2020	27	Audi A6/A7	6.5	83	0.0783132530120482
4-5	2019–2020	27	VW Beetle	6.5	44	0.14772727272727273
4-5	2019–2020	27	VW T-Cross	6.5	38	0.17105263157894737
4-5	2019–2020	30	Kia Picanto	6.6	41	0.16097560975609757
4-5	2019–2020	31	VW Polo	7.1	52	0.13653846153846153
4-5	2019–2020	31	VW Tiguan	7.1	71	0.09999999999999999
4-5	2019–2020	33	Audi A4/A5	7.2	81	0.08888888888888889
4-5	2019–2020	33	Ford Puma	7.2	36	0.2
4-5	2019–2020	33	Mazda CX-3	7.2	49	0.1469387755102041
4-5	2019–2020	33	VW Touareg	7.2	84	0.08571428571428572
4-5	2019–2020	37	Volvo XC60	7.3	80	0.09125
4-5	2019–2020	38	Suzuki Swift	7.4	51	0.1450980392156863
4-5	2019–2020	39	Mercedes-Benz E-Class	7.5	103	0.07281553398058252
4-5	2019–2020	40	Hyundai Kona	7.6	50	0.152
4-5	2019–2020	41	Nissan Qashqai	7.7	56	0.1375
4-5	2019–2020	41	Opel Mokka	7.7	52	0.14807692307692308
4-5	2019–2020	43	Ford Ecosport	7.9	46	0.17173913043478262
4-5	2019–2020	43	Hyundai Kona Elektro	7.9	51	0.15490196078431373
4-5	2019–2020	45	Hyundai i20	8.1	51	0.1588235294117647
4-5	2019–2020	45	Opel Adam	8.1	44	0.18409090909090908
4-5	2019–2020	47	Ford Fiesta	8.2	51	0.16078431372549018
4-5	2019–2020	47	Opel Grandland	8.2	59	0.13898305084745763
4-5	2019–2020	47	Toyota Yaris	8.2	46	0.1782608695652174
4-5	2019–2020	47	Škoda Fabia	8.2	52	0.1576923076923077
4-5	2019–2020	51	Mazda CX-5	8.5	62	0.13709677419354838
4-5	2019–2020	51	VW Touran	8.5	81	0.10493827160493827
4-5	2019–2020	51	Škoda Octavia	8.5	85	0.1
4-5	2019–2020	54	Kia Ceed	8.7	58	0.15
4-5	2019–2020	54	Seat Mii	8.7	51	0.17058823529411762
4-5	2019–2020	54	Smart ForTwo	8.7	32	0.271875
4-5	2019–2020	54	VW Up!	8.7	48	0.18125
4-5	2019–2020	58	Škoda Rapid	8.8	59	0.14915254237288136
4-5	2019–2020	59	VW e-Up!	9.0	30	0.3
4-5	2019–2020	59	Škoda Citigo	9.0	46	0.1956521739130435
4-5	2019–2020	61	Seat Arona	9.1	48	0.18958333333333333
4-5	2019–2020	62	BMW 1/2	9.2	60	0.15333333333333332
4-5	2019–2020	62	Hyundai Tucson	9.2	59	0.1559322033898305
4-5	2019–2020	62	Renault Scenic	9.2	60	0.15333333333333332
4-5	2019–2020	62	Seat Ibiza	9.2	54	0.17037037037037037
4-5	2019–2020	66	Seat Leon	9.3	68	0.13676470588235295
4-5	2019–2020	67	Hyundai i30	9.4	60	0.15666666666666668
4-5	2019–2020	67	Kia Sportage	9.4	60	0.15666666666666668
4-5	2019–2020	69	BMW 3/4	9.7	82	0.11829268292682926
4-5	2019–2020	69	Ford Kuga	9.7	63	0.15396825396825395
4-5	2019–2020	69	Nissan Micra	9.7	47	0.20638297872340425
4-5	2019–2020	72	Renault Twingo	9.8	39	0.2512820512820513
4-5	2019–2020	73	Audi A1	9.9	47	0.21063829787234042
4-5	2019–2020	73	Fiat 500	9.9	38	0.2605263157894737
4-5	2019–2020	75	Citroën C3	10.1	48	0.21041666666666667
4-5	2019–2020	76	Peugeot 208	10.3	47	0.21914893617021278
4-5	2019–2020	76	VW Passat	10.3	93	0.11075268817204302
4-5	2019–2020	78	Mazda 3	10.4	59	0.17627118644067796
4-5	2019–2020	78	Opel Corsa	10.4	47	0.22127659574468087
4-5	2019–2020	78	Toyota Aygo	10.4	45	0.23111111111111113
4-5	2019–2020	81	Ford C-Max	10.6	63	0.16825396825396824
4-5	2019–2020	81	Opel Astra	10.6	68	0.15588235294117647
4-5	2019–2020	83	Ford Focus	10.7	66	0.1621212121212121
4-5	2019–2020	83	Skoda Kamiq	10.7	40	0.26749999999999996
4-5	2019–2020	85	Škoda Superb	10.8	92	0.11739130434782609
4-5	2019–2020	86	Renault Megane	11.2	65	0.1723076923076923
4-5	2019–2020	87	Toyota Corolla	11.3	63	0.17936507936507937
4-5	2019–2020	88	BMW X3/X4	11.4	72	0.15833333333333333
4-5	2019–2020	88	Citroën Berlingo	11.4	66	0.17272727272727273
4-5	2019–2020	88	Ford Mondeo	11.4	89	0.12808988764044943
4-5	2019–2020	91	Peugeot 2008	11.5	49	0.23469387755102042
4-5	2019–2020	92	Renault Clio	11.7	53	0.22075471698113205
4-5	2019–2020	93	VW Caddy	11.9	81	0.1469135802469136
4-5	2019–2020	94	Fiat Panda	12.0	45	0.26666666666666666
4-5	2019–2020	94	Peugeot 308	12.0	71	0.16901408450704225
4-5	2019–2020	96	Ford S-Max	12.3	85	0.14470588235294118
4-5	2019–2020	97	Ford Ka+	12.5	43	0.29069767441860467
4-5	2019–2020	98	Hyundai i10	13.4	42	0.3190476190476191
4-5	2019–2020	99	Dacia Sandero	13.6	49	0.27755102040816326
4-5	2019–2020	99	Opel Insignia	13.6	84	0.1619047619047619
4-5	2019–2020	101	BMW X5/X6	14.4	83	0.17349397590361446
4-5	2019–2020	102	Renault Zoe	14.5	42	0.34523809523809523
4-5	2019–2020	103	Mini	15.6	48	0.325
4-5	2019–2020	104	Opel Crossland	15.7	43	0.3651162790697674
4-5	2019–2020	105	Dacia Duster	16.2	58	0.2793103448275862
4-5	2019–2020	106	Dacia Dokker	16.7	62	0.2693548387096774
4-5	2019–2020	107	Dacia Logan	16.8	63	0.26666666666666666
4-5	2019–2020	108	BMW X1	17.4	61	0.2852459016393442
4-5	2019–2020	109	Seat Alhambra	17.5	76	0.23026315789473684
4-5	2019–2020	110	BMW 2 Active Tourer	17.6	63	0.27936507936507937
4-5	2019–2020	111	BMW 5/6	17.7	89	0.19887640449438201
4-5	2019–2020	112	VW Sharan	18.5	83	0.22289156626506024
4-5	2019–2020	113	Tesla Model 3	19.7	74	0.2662162162162162
6-7	2017–2018	1	Porsche 911 Carrera	3.1	40	0.0775
6-7	2017–2018	2	VW T-Roc	6.0	72	0.08333333333333333
6-7	2017–2018	3	Mazda CX-3	6.6	69	0.09565217391304347
6-7	2017–2018	4	VW Golf Sportsvan	6.8	70	0.09714285714285714
6-7	2017–2018	5	Mercedes-Benz B-Class	7.4	71	0.10422535211267606
6-7	2017–2018	6	Audi Q2	7.7	71	0.10845070422535212
6-7	2017–2018	7	Honda Jazz	8.4	57	0.1473684210526316
6-7	2017–2018	7	Seat Ateca	8.4	86	0.09767441860465116
6-7	2017–2018	9	Mazda 2	8.7	67	0.1298507462686567
6-7	2017–2018	10	Audi A3	9.1	89	0.10224719101123596
6-7	2017–2018	11	Mercedes-Benz A-Class	9.2	83	0.1108433734939759
6-7	2017–2018	11	Mitsubishi ASX	9.2	82	0.1121951219512195
6-7	2017–2018	11	Skoda Kodiaq	9.2	103	0.08932038834951456
6-7	2017–2018	14	Suzuki Vitara	9.3	78	0.11923076923076924
6-7	2017–2018	14	VW Tiguan	9.3	94	0.09893617021276596
6-7	2017–2018	16	Seat Arona	9.7	59	0.16440677966101694
6-7	2017–2018	17	VW Golf	10.0	95	0.10526315789473684
6-7	2017–2018	18	Toyota RAV4	10.1	86	0.11744186046511627
6-7	2017–2018	19	Mazda CX-5	10.5	96	0.109375
6-7	2017–2018	20	Audi Q3	10.7	83	0.1289156626506024
6-7	2017–2018	20	Mercedes-Benz GLE/ML	10.7	111	0.09639639639639638
6-7	2017–2018	22	Mercedes-Benz C-Class	11.0	99	0.1111111111111111
6-7	2017–2018	23	Renault Captur	11.1	65	0.17076923076923076
6-7	2017–2018	24	Hyundai i20	11.2	71	0.15774647887323942
6-7	2017–2018	24	Opel Mokka	11.2	72	0.15555555555555556
6-7	2017–2018	26	Opel Grandland	11.3	76	0.1486842105263158
6-7	2017–2018	27	Kia Rio	11.4	70	0.16285714285714287
6-7	2017–2018	28	Audi A1	11.5	71	0.1619718309859155
6-7	2017–2018	28	Mercedes-Benz GLC	11.5	97	0.11855670103092783
6-7	2017–2018	30	Renault Scenic	11.6	82	0.14146341463414633
6-7	2017–2018	31	VW Touran	11.7	113	0.10353982300884955
6-7	2017–2018	32	Opel Meriva	11.8	66	0.1787878787878788
6-7	2017–2018	33	Audi Q5	11.9	117	0.10170940170940171
6-7	2017–2018	33	Opel Adam	11.9	60	0.19833333333333333
6-7	2017–2018	35	Seat Leon	12.2	95	0.12842105263157894
6-7	2017–2018	36	Volvo XC60	12.4	114	0.10877192982456141
6-7	2017–2018	36	Škoda Octavia	12.4	115	0.10782608695652174
6-7	2017–2018	38	Škoda Citigo	12.5	61	0.20491803278688525
6-7	2017–2018	38	Škoda Fabia	12.5	75	0.16666666666666666
6-7	2017–2018	38	Škoda Yeti	12.5	81	0.15432098765432098
6-7	2017–2018	41	Opel Astra	12.6	96	0.13125
6-7	2017–2018	41	Suzuki Swift	12.6	73	0.17260273972602738
6-7	2017–2018	41	Toyota Yaris	12.6	62	0.2032258064516129
6-7	2017–2018	44	Audi A6/A7	12.9	128	0.10078125
6-7	2017–2018	45	Ford Ecosport	13.0	63	0.20634920634920634
6-7	2017–2018	45	VW Polo	13.0	70	0.18571428571428572
6-7	2017–2018	45	Škoda Rapid	13.0	85	0.15294117647058825
6-7	2017–2018	48	Nissan Qashqai	13.1	81	0.1617283950617284
6-7	2017–2018	48	VW Up!	13.1	66	0.1984848484848485
6-7	2017–2018	50	Mercedes-Benz E-Class	13.2	129	0.10232558139534884
6-7	2017–2018	50	VW Beetle	13.2	62	0.2129032258064516
6-7	2017–2018	52	Mazda 3	13.3	85	0.15647058823529414
6-7	2017–2018	53	Ford Kuga	13.4	90	0.1488888888888889
6-7	2017–2018	54	Hyundai ix20	13.5	60	0.225
6-7	2017–2018	54	Toyota Auris	13.5	82	0.16463414634146342
6-7	2017–2018	54	Škoda Superb	13.5	125	0.108
6-7	2017–2018	57	VW Touareg	13.7	118	0.11610169491525422
6-7	2017–2018	58	Ford C-Max	13.8	84	0.16428571428571428
6-7	2017–2018	58	Hyundai Tucson	13.8	87	0.15862068965517243
6-7	2017–2018	58	Kia Ceed	13.8	89	0.1550561797752809
6-7	2017–2018	61	Ford B-Max	13.9	60	0.23166666666666666
6-7	2017–2018	61	Kia Sportage	13.9	87	0.15977011494252874
6-7	2017–2018	61	Smart ForTwo	13.9	49	0.2836734693877551
6-7	2017–2018	61	Toyota Aygo	13.9	62	0.2241935483870968
6-7	2017–2018	61	VW Passat	13.9	134	0.10373134328358209
6-7	2017–2018	66	BMW 1/2	14.0	83	0.1686746987951807
6-7	2017–2018	67	Ford Ka+	14.1	56	0.2517857142857143
6-7	2017–2018	67	Ford Mondeo	14.1	122	0.11557377049180327
6-7	2017–2018	67	Ford S-Max	14.1	117	0.12051282051282051
6-7	2017–2018	67	Seat Mii	14.1	66	0.21363636363636362
6-7	2017–2018	71	Audi A4/A5	14.4	114	0.12631578947368421
6-7	2017–2018	72	Peugeot 208	14.5	66	0.2196969696969697
6-7	2017–2018	73	BMW X3/X4	14.6	107	0.13644859813084112
6-7	2017–2018	74	VW Caddy	15.1	110	0.13727272727272727
6-7	2017–2018	75	Renault Megane	15.3	87	0.17586206896551726
6-7	2017–2018	76	Opel Corsa	15.4	67	0.22985074626865673
6-7	2017–2018	77	Seat Ibiza	15.5	80	0.19375
6-7	2017–2018	78	BMW 3/4	15.7	113	0.13893805309734514
6-7	2017–2018	79	Peugeot 2008	15.8	68	0.2323529411764706
6-7	2017–2018	79	Peugeot 308	15.8	101	0.15643564356435644
6-7	2017–2018	81	Fiat 500	16.1	54	0.29814814814814816
6-7	2017–2018	82	Renault Twingo	16.4	56	0.2928571428571428
6-7	2017–2018	83	Citroën C3	16.5	62	0.2661290322580645
6-7	2017–2018	84	Hyundai i10	17.4	58	0.3
6-7	2017–2018	85	Opel Insignia	17.6	124	0.14193548387096774
6-7	2017–2018	86	Ford Fiesta	17.8	73	0.24383561643835616
6-7	2017–2018	86	Kia Picanto	17.8	60	0.2966666666666667
6-7	2017–2018	88	Fiat Panda	18.0	58	0.3103448275862069
6-7	2017–2018	88	Renault Clio	18.0	71	0.2535211267605634
6-7	2017–2018	90	Citroën Berlingo	18.3	94	0.1946808510638298
6-7	2017–2018	91	Hyundai i30	18.4	92	0.19999999999999998
6-7	2017–2018	92	BMW X1	18.7	86	0.21744186046511627
6-7	2017–2018	93	Ford Focus	19.5	100	0.195
6-7	2017–2018	93	Nissan Micra	19.5	57	0.34210526315789475
6-7	2017–2018	95	Mini	19.6	69	0.28405797101449276
6-7	2017–2018	96	Dacia Sandero	19.7	69	0.2855072463768116
6-7	2017–2018	97	Renault Zoe	19.9	61	0.3262295081967213
6-7	2017–2018	98	BMW X5/X6	20.4	121	0.16859504132231404
6-7	2017–2018	99	VW Sharan	20.8	116	0.1793103448275862
6-7	2017–2018	100	Seat Alhambra	20.9	110	0.18999999999999997
6-7	2017–2018	101	BMW 2 Active Tourer	21.2	89	0.23820224719101124
6-7	2017–2018	102	Dacia Logan	22.3	91	0.24505494505494507
6-7	2017–2018	103	BMW 5/6	23.6	111	0.21261261261261263
6-7	2017–2018	104	Dacia Duster	24.3	81	0.3
6-7	2017–2018	105	Dacia Dokker	26.5	89	0.29775280898876405
8-9	2015–2016	1	Porsche 911 Carrera	4.0	51	0.0784313725490196
8-9	2015–2016	2	VW Golf Sportsvan	10.0	89	0.11235955056179775
8-9	2015–2016	3	Mazda 2	10.6	82	0.12926829268292683
8-9	2015–2016	4	Suzuki Vitara	11.0	95	0.11578947368421053
8-9	2015–2016	5	Mercedes-Benz B-Class	11.1	91	0.12197802197802197
8-9	2015–2016	6	Mercedes-Benz ML/GLE	11.8	141	0.08368794326241136
8-9	2015–2016	7	Mercedes-Benz A-Class	12.0	103	0.11650485436893204
8-9	2015–2016	8	Audi A3	12.7	113	0.11238938053097344
8-9	2015–2016	9	Honda Jazz	13.1	79	0.16582278481012658
8-9	2015–2016	10	Mitsubishi ASX	13.3	104	0.1278846153846154
8-9	2015–2016	11	VW Golf	13.6	118	0.1152542372881356
8-9	2015–2016	12	Opel Meriva	13.8	81	0.17037037037037037
8-9	2015–2016	13	Volvo XC60	13.9	137	0.10145985401459855
8-9	2015–2016	14	BMW X1	14.1	111	0.12702702702702703
8-9	2015–2016	15	Hyundai i20	14.3	87	0.16436781609195403
8-9	2015–2016	15	Toyota Aygo	14.3	74	0.19324324324324324
8-9	2015–2016	15	Toyota RAV4	14.3	117	0.12222222222222223
8-9	2015–2016	18	Audi Q5	14.4	136	0.10588235294117647
8-9	2015–2016	19	Audi A1	14.5	94	0.15425531914893617
8-9	2015–2016	19	Mazda CX-5	14.5	119	0.12184873949579832
8-9	2015–2016	21	Suzuki Swift	14.7	90	0.16333333333333333
8-9	2015–2016	22	Renault Captur	14.8	82	0.1804878048780488
8-9	2015–2016	22	VW Touareg	14.8	145	0.10206896551724139
8-9	2015–2016	24	Audi Q3	15.2	105	0.14476190476190476
8-9	2015–2016	24	Mercedes-Benz GLC	15.2	124	0.12258064516129032
8-9	2015–2016	26	Mercedes-Benz C-Class	15.3	126	0.12142857142857143
8-9	2015–2016	27	Audi A4/A5	15.8	145	0.10896551724137932
8-9	2015–2016	27	Ford B-Max	15.8	78	0.20256410256410257
8-9	2015–2016	27	Škoda Octavia	15.8	144	0.10972222222222222
8-9	2015–2016	30	Opel Mokka	15.9	92	0.17282608695652174
8-9	2015–2016	30	Seat Leon	15.9	123	0.12926829268292683
8-9	2015–2016	30	Škoda Fabia	15.9	92	0.17282608695652174
8-9	2015–2016	33	Ford S-Max	16.1	133	0.12105263157894738
8-9	2015–2016	34	Mazda 3	16.2	104	0.15576923076923077
8-9	2015–2016	35	Toyota Yaris	16.4	79	0.20759493670886073
8-9	2015–2016	36	Ford Kuga	16.6	116	0.14310344827586208
8-9	2015–2016	37	Ford Mondeo	16.8	142	0.11830985915492959
8-9	2015–2016	37	VW Up!	16.8	81	0.20740740740740743
8-9	2015–2016	39	VW Passat	17.0	158	0.10759493670886076
8-9	2015–2016	39	Škoda Yeti	17.0	103	0.1650485436893204
8-9	2015–2016	41	Toyota Auris	17.1	101	0.16930693069306932
8-9	2015–2016	42	Škoda Citigo	17.2	80	0.215
8-9	2015–2016	43	Audi A6/A7	17.3	161	0.10745341614906832
8-9	2015–2016	43	Opel Adam	17.3	79	0.2189873417721519
8-9	2015–2016	45	VW Beetle	17.7	81	0.2185185185185185
8-9	2015–2016	45	VW Polo	17.7	88	0.20113636363636364
8-9	2015–2016	47	Opel Corsa	17.9	83	0.21566265060240963
8-9	2015–2016	47	Seat Mii	17.9	81	0.22098765432098763
8-9	2015–2016	49	BMW 1/2	18.1	108	0.1675925925925926
8-9	2015–2016	49	Mercedes-Benz E-Class	18.1	181	0.1
8-9	2015–2016	51	Ford C-Max	18.3	109	0.16788990825688074
8-9	2015–2016	51	Opel Astra	18.3	122	0.15
8-9	2015–2016	53	Hyundai ix20	18.6	77	0.24155844155844158
8-9	2015–2016	54	Hyundai ix35	18.9	103	0.18349514563106795
8-9	2015–2016	54	VW Tiguan	18.9	112	0.16874999999999998
8-9	2015–2016	54	Škoda Rapid	18.9	109	0.17339449541284402
8-9	2015–2016	57	Nissan Qashqai	19.0	105	0.18095238095238095
8-9	2015–2016	58	BMW 3/4	19.3	142	0.1359154929577465
8-9	2015–2016	58	VW Touran	19.3	140	0.13785714285714287
8-9	2015–2016	60	Škoda Roomster	19.5	103	0.18932038834951456
8-9	2015–2016	61	BMW X3/X4	19.6	130	0.15076923076923077
8-9	2015–2016	61	Smart ForTwo	19.6	63	0.3111111111111111
8-9	2015–2016	63	Peugeot 308	20.0	121	0.1652892561983471
8-9	2015–2016	64	Ford Ecosport	20.2	82	0.24634146341463414
8-9	2015–2016	64	Kia Rio	20.2	97	0.20824742268041235
8-9	2015–2016	66	Hyundai i10	20.7	74	0.2797297297297297
8-9	2015–2016	67	Peugeot 208	20.8	83	0.25060240963855424
8-9	2015–2016	67	VW Caddy	20.8	139	0.1496402877697842
8-9	2015–2016	69	Kia Picanto	20.9	72	0.29027777777777775
8-9	2015–2016	70	Škoda Superb	21.0	167	0.12574850299401197
8-9	2015–2016	71	Opel Insignia	21.3	147	0.14489795918367349
8-9	2015–2016	72	Renault Twingo	21.4	69	0.31014492753623185
8-9	2015–2016	73	Citroën Berlingo	21.6	123	0.175609756097561
8-9	2015–2016	74	Peugeot 2008	21.7	93	0.23333333333333334
8-9	2015–2016	75	BMW 2 Active Tourer	21.8	102	0.21372549019607845
8-9	2015–2016	75	Ford Fiesta	21.8	90	0.24222222222222223
8-9	2015–2016	77	Fiat Panda	21.9	73	0.3
8-9	2015–2016	77	Kia Sportage	21.9	107	0.20467289719626167
8-9	2015–2016	77	Seat Alhambra	21.9	141	0.15531914893617021
8-9	2015–2016	80	Nissan Micra	22.4	71	0.31549295774647884
8-9	2015–2016	80	Seat Ibiza	22.4	99	0.22626262626262625
8-9	2015–2016	82	Renault Scenic	22.5	109	0.20642201834862386
8-9	2015–2016	83	Mini	22.7	87	0.26091954022988506
8-9	2015–2016	84	VW Sharan	23.0	147	0.1564625850340136
8-9	2015–2016	85	Kia Ceed	23.1	113	0.20442477876106196
8-9	2015–2016	86	Fiat 500	23.2	70	0.3314285714285714
8-9	2015–2016	87	BMW X5/X6	23.6	152	0.15526315789473685
8-9	2015–2016	88	Hyundai i30	23.8	108	0.22037037037037038
8-9	2015–2016	89	Ford Focus	24.2	122	0.19836065573770492
8-9	2015–2016	90	Citroën C3	24.8	82	0.3024390243902439
8-9	2015–2016	91	Renault Clio	25.7	90	0.28555555555555556
8-9	2015–2016	92	Ford Ka	25.8	76	0.3394736842105263
8-9	2015–2016	93	Renault Megane	26.1	122	0.2139344262295082
8-9	2015–2016	94	BMW 5/6	27.9	159	0.17547169811320754
8-9	2015–2016	95	Dacia Logan	28.3	112	0.2526785714285714
8-9	2015–2016	96	Dacia Sandero	28.6	89	0.32134831460674157
8-9	2015–2016	97	Dacia Duster	29.7	101	0.29405940594059404
8-9	2015–2016	98	Dacia Dokker	30.9	113	0.2734513274336283
10-11	2013–2014	1	Porsche 911 Carrera	5.6	65	0.08615384615384615
10-11	2013–2014	2	Mercedes-Benz A-Class	14.7	120	0.1225
10-11	2013–2014	3	Mercedes-Benz B-Class	14.8	108	0.13703703703703704
10-11	2013–2014	4	VW Touareg	15.1	176	0.08579545454545455
10-11	2013–2014	5	Audi A3	15.9	132	0.12045454545454545
10-11	2013–2014	6	VW Golf Plus	16.2	99	0.16363636363636364
10-11	2013–2014	7	Honda Jazz	16.6	94	0.17659574468085107
10-11	2013–2014	8	Mercedes-Benz ML/GLE	16.9	169	0.09999999999999999
10-11	2013–2014	9	Mitsubishi ASX	17.1	127	0.1346456692913386
10-11	2013–2014	10	Mini	17.3	103	0.1679611650485437
10-11	2013–2014	11	Audi Q5	17.4	157	0.110828025477707
10-11	2013–2014	12	VW Golf	17.6	132	0.13333333333333333
10-11	2013–2014	13	BMW X1	17.8	130	0.13692307692307693
10-11	2013–2014	14	Mazda 3	18.0	114	0.15789473684210525
10-11	2013–2014	14	Volvo XC60	18.0	170	0.10588235294117647
10-11	2013–2014	16	Audi A4/A5	18.8	166	0.11325301204819277
10-11	2013–2014	16	Audi Q3	18.8	128	0.146875
10-11	2013–2014	18	Audi A1	19.1	113	0.1690265486725664
10-11	2013–2014	18	Toyota Auris	19.1	118	0.16186440677966102
10-11	2013–2014	20	Mazda 2	19.4	92	0.21086956521739128
10-11	2013–2014	20	Mercedes-Benz GLK	19.4	146	0.1328767123287671
10-11	2013–2014	22	Škoda Citigo	19.5	96	0.203125
10-11	2013–2014	23	Seat Leon	19.7	137	0.1437956204379562
10-11	2013–2014	24	Smart ForTwo	19.8	80	0.2475
10-11	2013–2014	25	Škoda Yeti	19.9	126	0.15793650793650793
10-11	2013–2014	26	Suzuki Swift	20.1	105	0.19142857142857145
10-11	2013–2014	27	Audi A6/A7	20.4	190	0.10736842105263157
10-11	2013–2014	28	Suzuki Grand Vitara	20.5	119	0.1722689075630252
10-11	2013–2014	29	Ford B-Max	20.7	92	0.225
10-11	2013–2014	30	BMW X5/X6	20.8	181	0.11491712707182321
10-11	2013–2014	30	Ford Kuga	20.8	137	0.15182481751824817
10-11	2013–2014	32	Renault Captur	20.9	99	0.2111111111111111
10-11	2013–2014	33	VW Up!	21.3	97	0.21958762886597938
10-11	2013–2014	34	Toyota Yaris	21.7	97	0.22371134020618555
10-11	2013–2014	35	BMW X3/X4	22.0	154	0.14285714285714285
10-11	2013–2014	36	Seat Mii	22.1	100	0.221
10-11	2013–2014	37	BMW 3/4	22.6	163	0.13865030674846626
10-11	2013–2014	37	Fiat Panda	22.6	82	0.275609756097561
10-11	2013–2014	39	Opel Meriva	22.7	96	0.23645833333333333
10-11	2013–2014	40	BMW 1/2	23.0	134	0.17164179104477612
10-11	2013–2014	40	Opel Mokka	23.0	110	0.20909090909090908
10-11	2013–2014	40	VW Tiguan	23.0	133	0.17293233082706766
10-11	2013–2014	43	VW Touran	23.1	159	0.14528301886792452
10-11	2013–2014	44	Škoda Rapid	23.2	118	0.1966101694915254
10-11	2013–2014	45	Mazda CX-5	23.3	134	0.1738805970149254
10-11	2013–2014	46	Toyota Aygo	23.4	95	0.24631578947368418
10-11	2013–2014	46	VW Beetle	23.4	102	0.22941176470588234
10-11	2013–2014	46	Škoda Fabia	23.4	112	0.2089285714285714
10-11	2013–2014	49	Ford C-Max	23.6	209	0.11291866028708135
10-11	2013–2014	49	Opel Adam	23.6	93	0.2537634408602151
10-11	2013–2014	51	Mercedes-Benz C-Class	23.7	154	0.1538961038961039
10-11	2013–2014	51	VW Polo	23.7	106	0.22358490566037736
10-11	2013–2014	53	Peugeot 208	24.0	102	0.23529411764705882
10-11	2013–2014	54	Škoda Roomster	24.3	121	0.20082644628099175
10-11	2013–2014	55	Škoda Superb	24.5	181	0.13535911602209943
10-11	2013–2014	56	Seat Alhambra	24.7	168	0.14702380952380953
10-11	2013–2014	56	VW Caddy	24.7	156	0.15833333333333333
10-11	2013–2014	58	Mercedes-Benz E-Class	25.3	182	0.13901098901098902
10-11	2013–2014	59	Opel Astra	25.5	137	0.18613138686131386
10-11	2013–2014	60	Hyundai ix20	25.6	92	0.2782608695652174
10-11	2013–2014	61	Opel Corsa	25.7	101	0.25445544554455446
10-11	2013–2014	62	Opel Insignia	26.5	173	0.1531791907514451
10-11	2013–2014	63	Ford Fiesta	26.6	107	0.2485981308411215
10-11	2013–2014	64	VW Sharan	26.7	174	0.15344827586206897
10-11	2013–2014	65	Peugeot 2008	26.8	108	0.24814814814814815
10-11	2013–2014	66	Renault Scenic	26.9	118	0.22796610169491524
10-11	2013–2014	67	Renault Clio	27.1	103	0.2631067961165049
10-11	2013–2014	68	Hyundai ix35	27.3	123	0.22195121951219512
10-11	2013–2014	69	Škoda Octavia	27.5	168	0.1636904761904762
10-11	2013–2014	70	Peugeot 308	27.6	140	0.19714285714285715
10-11	2013–2014	70	VW Passat	27.6	191	0.14450261780104712
10-11	2013–2014	72	Hyundai i10	27.9	83	0.336144578313253
10-11	2013–2014	73	Kia Sportage	28.0	127	0.2204724409448819
10-11	2013–2014	74	Kia Rio	28.3	109	0.25963302752293577
10-11	2013–2014	75	Citroën Berlingo	28.6	138	0.20724637681159422
10-11	2013–2014	76	Fiat 500	28.8	85	0.3388235294117647
10-11	2013–2014	77	Kia Ceed	28.9	131	0.22061068702290076
10-11	2013–2014	77	Kia Picanto	28.9	85	0.33999999999999997
10-11	2013–2014	77	Seat Ibiza	28.9	120	0.24083333333333332
10-11	2013–2014	80	Ford S-Max	29.1	177	0.16440677966101697
10-11	2013–2014	81	Ford Ka	29.5	91	0.3241758241758242
10-11	2013–2014	82	BMW 5/6	29.6	183	0.16174863387978142
10-11	2013–2014	83	Ford Focus	30.0	171	0.17543859649122806
10-11	2013–2014	84	Hyundai i20	30.2	96	0.3145833333333333
10-11	2013–2014	85	Ford Mondeo	30.4	184	0.16521739130434782
10-11	2013–2014	86	Hyundai i30	30.5	120	0.25416666666666665
10-11	2013–2014	87	Dacia Sandero	30.7	105	0.29238095238095235
10-11	2013–2014	87	Nissan Micra	30.7	87	0.3528735632183908
10-11	2013–2014	89	Nissan Qashqai	31.2	130	0.24
10-11	2013–2014	90	Citroën C3	31.9	106	0.3009433962264151
10-11	2013–2014	91	Renault Megane	32.7	136	0.24044117647058827
10-11	2013–2014	92	Renault Twingo	33.0	92	0.358695652173913
10-11	2013–2014	93	Dacia Duster	34.1	122	0.2795081967213115
10-11	2013–2014	94	Dacia Logan	39.6	132	0.3
12-13	2011–2012	1	Porsche 911 Carrera	7.9	71	0.11126760563380282
12-13	2011–2012	2	Mitsubishi ASX	19.6	146	0.13424657534246576
12-13	2011–2012	3	VW Golf Plus	20.6	115	0.1791304347826087
12-13	2011–2012	4	Audi Q5	20.8	177	0.11751412429378531
12-13	2011–2012	4	VW Touareg	20.8	204	0.10196078431372549
12-13	2011–2012	6	BMW X1	21.0	148	0.14189189189189189
12-13	2011–2012	7	Mini	21.2	117	0.1811965811965812
12-13	2011–2012	8	Volvo XC60	21.9	194	0.11288659793814432
12-13	2011–2012	9	Toyota RAV4	22.1	145	0.1524137931034483
12-13	2011–2012	10	Audi Q3	22.6	142	0.1591549295774648
12-13	2011–2012	10	BMW X5/X6	22.6	198	0.11414141414141415
12-13	2011–2012	10	Honda Jazz	22.6	113	0.2
12-13	2011–2012	13	Audi A3	22.8	151	0.1509933774834437
12-13	2011–2012	14	Mazda 3	23.1	126	0.18333333333333335
12-13	2011–2012	15	Mercedes-Benz GLK	24.3	164	0.14817073170731707
12-13	2011–2012	15	Suzuki Swift	24.3	116	0.20948275862068966
12-13	2011–2012	17	BMW X3/X4	24.5	170	0.14411764705882352
12-13	2011–2012	18	Audi A1	24.6	133	0.1849624060150376
12-13	2011–2012	18	Audi A6/A7	24.6	204	0.12058823529411765
12-13	2011–2012	20	VW Golf	24.7	152	0.1625
12-13	2011–2012	21	Toyota Auris	24.9	126	0.1976190476190476
12-13	2011–2012	22	Opel Meriva	25.3	113	0.22389380530973452
12-13	2011–2012	23	Škoda Yeti	25.5	146	0.17465753424657535
12-13	2011–2012	24	Audi A4/A5	25.9	186	0.139247311827957
12-13	2011–2012	25	Smart ForTwo	26.1	95	0.27473684210526317
12-13	2011–2012	26	Mercedes-Benz A-Class	26.4	109	0.2422018348623853
12-13	2011–2012	27	BMW 1	26.7	152	0.1756578947368421
12-13	2011–2012	28	Suzuki Grand Vitara	26.9	134	0.2007462686567164
12-13	2011–2012	28	VW Up!	26.9	109	0.24678899082568806
12-13	2011–2012	30	VW Touran	27.1	179	0.15139664804469274
12-13	2011–2012	31	BMW 3	27.4	180	0.1522222222222222
12-13	2011–2012	32	VW Tiguan	27.5	151	0.18211920529801323
12-13	2011–2012	32	Škoda Superb	27.5	198	0.1388888888888889
12-13	2011–2012	34	Toyota Yaris	27.7	114	0.24298245614035088
12-13	2011–2012	35	Seat Alhambra	27.9	191	0.14607329842931938
12-13	2011–2012	36	VW Caddy	28.5	173	0.16473988439306358
12-13	2011–2012	37	Mercedes-Benz E-Class	28.6	197	0.14517766497461929
12-13	2011–2012	38	Ford C-Max	28.7	208	0.13798076923076924
12-13	2011–2012	39	Opel Astra	28.8	145	0.1986206896551724
12-13	2011–2012	39	VW Polo	28.8	125	0.2304
12-13	2011–2012	39	Škoda Fabia	28.8	127	0.22677165354330708
12-13	2011–2012	42	Mercedes-Benz C-Class	29.0	166	0.1746987951807229
12-13	2011–2012	43	Opel Insignia	29.1	182	0.1598901098901099
12-13	2011–2012	44	Mercedes-Benz B-Class	29.3	121	0.24214876033057853
12-13	2011–2012	45	Škoda Roomster	29.4	136	0.21617647058823528
12-13	2011–2012	46	Škoda Octavia	29.6	178	0.1662921348314607
12-13	2011–2012	47	Opel Corsa	30.0	118	0.2542372881355932
12-13	2011–2012	47	VW Sharan	30.0	198	0.15151515151515152
12-13	2011–2012	49	Mazda 2	30.3	112	0.27053571428571427
12-13	2011–2012	49	Toyota Aygo	30.3	105	0.2885714285714286
12-13	2011–2012	51	Hyundai i10	30.6	96	0.31875000000000003
12-13	2011–2012	52	BMW 5/6	30.9	199	0.15527638190954773
12-13	2011–2012	52	Peugeot 308	30.9	142	0.2176056338028169
12-13	2011–2012	54	Ford Fiesta	31.5	122	0.2581967213114754
12-13	2011–2012	55	Hyundai ix20	31.6	111	0.2846846846846847
12-13	2011–2012	56	VW Passat	31.8	210	0.15142857142857144
12-13	2011–2012	57	Ford Kuga	32.2	167	0.19281437125748505
12-13	2011–2012	57	Renault Scenic	32.2	144	0.22361111111111112
12-13	2011–2012	57	Seat Leon	32.2	153	0.2104575163398693
12-13	2011–2012	60	Kia Ceed	32.5	138	0.23550724637681159
12-13	2011–2012	60	Seat Ibiza	32.5	139	0.23381294964028776
12-13	2011–2012	62	Citroën Berlingo	33.0	160	0.20625
12-13	2011–2012	63	Ford S-Max	33.1	198	0.16717171717171717
12-13	2011–2012	64	Hyundai i20	33.2	111	0.2990990990990991
12-13	2011–2012	64	Hyundai ix35	33.2	140	0.23714285714285716
12-13	2011–2012	66	Ford Ka	33.7	103	0.32718446601941753
12-13	2011–2012	66	Ford Mondeo	33.7	194	0.1737113402061856
12-13	2011–2012	66	Nissan Micra	33.7	100	0.337
12-13	2011–2012	69	Fiat 500	34.0	101	0.33663366336633666
12-13	2011–2012	70	Kia Sportage	34.7	141	0.24609929078014187
12-13	2011–2012	71	Ford Focus	34.8	256	0.1359375
12-13	2011–2012	72	Hyundai i30	35.5	136	0.2610294117647059
12-13	2011–2012	73	Dacia Duster	35.6	135	0.2637037037037037
12-13	2011–2012	74	Citroën C3	35.7	110	0.3245454545454546
12-13	2011–2012	74	Peugeot 207	35.7	113	0.315929203539823
12-13	2011–2012	76	Fiat Panda	36.2	102	0.35490196078431374
12-13	2011–2012	77	Nissan Qashqai	36.3	146	0.24863013698630135
12-13	2011–2012	78	Renault Megane	36.5	148	0.24662162162162163
12-13	2011–2012	79	Dacia Sandero	39.4	118	0.3338983050847458
12-13	2011–2012	80	Renault Clio	39.8	116	0.34310344827586203
12-13	2011–2012	81	Dacia Logan	41.0	146	0.2808219178082192
12-13	2011–2012	82	Renault Twingo	41.5	110	0.37727272727272726
