year	age_group	year_of_production	rank	make_model	faults_pct	odometer_thousand_km	faults_per_thousand_km
2024	2-3	2020–2021	1	VW Golf Sportsvan	2.0	30	0.06666666666666667
2024	2-3	2020–2021	2	Audi Q2	2.1	33	0.06363636363636364
2024	2-3	2020–2021	3	Audi TT	2.1	33	0.06363636363636364
2024	2-3	2020–2021	4	Mercedes-Benz B-Class	2.6	32	0.08125
2024	2-3	2020–2021	4	Mercedes-Benz GLC	2.6	47	0.055319148936170216
2024	2-3	2020–2021	4	VW T-Roc	2.6	34	0.07647058823529412
2024	2-3	2020–2021	4	VW e-Golf	2.6	30	0.08666666666666667
2024	2-3	2020–2021	8	Mitsubishi ASX	2.9	32	0.090625
2024	2-3	2020–2021	8	Toyota RAV4	2.9	39	0.07435897435897436
2024	2-3	2020–2021	10	Audi Q5	3.3	53	0.062264150943396226
2024	2-3	2020–2021	10	Suzuki Vitara	3.3	30	0.11
2024	2-3	2020–2021	12	Peugeot 2008	3.4	30	0.11333333333333333
2024	2-3	2020–2021	13	Renault Captur	3.5	28	0.125
2024	2-3	2020–2021	14	Opel Karl	3.6	22	0.16363636363636364
2024	2-3	2020–2021	14	Suzuki SX4	3.6	30	0.12000000000000001
2024	2-3	2020–2021	14	VW T-Cross	3.6	26	0.13846153846153847
2024	2-3	2020–2021	17	Audi A6/A7	3.7	63	0.05873015873015873
2024	2-3	2020–2021	17	Mercedes-Benz A-Class	3.7	38	0.09736842105263159
2024	2-3	2020–2021	19	Hyundai ix20	3.8	21	0.18095238095238095
2024	2-3	2020–2021	20	BMW 1/2	3.9	38	0.10263157894736842
2024	2-3	2020–2021	20	Mazda 3	3.9	35	0.11142857142857143
2024	2-3	2020–2021	20	Mercedes-Benz C-Class	3.9	53	0.07358490566037736
2024	2-3	2020–2021	20	VW Touareg	3.9	56	0.06964285714285715
2024	2-3	2020–2021	24	Audi A4/A5	4.0	59	0.06779661016949153
2024	2-3	2020–2021	24	BMW 2 Active Tourer	4.0	42	0.09523809523809523
2024	2-3	2020–2021	24	Peugeot 208	4.0	28	0.14285714285714285
2024	2-3	2020–2021	24	Seat Ateca	4.0	40	0.1
2024	2-3	2020–2021	28	Audi Q3	4.1	39	0.10512820512820512
2024	2-3	2020–2021	28	Kia Picanto	4.1	25	0.16399999999999998
2024	2-3	2020–2021	30	Mazda 2	4.2	27	0.15555555555555556
2024	2-3	2020–2021	30	Opel Adam	4.2	28	0.15
2024	2-3	2020–2021	30	Opel Mokka	4.2	33	0.1272727272727273
2024	2-3	2020–2021	30	Smart ForFour	4.2	24	0.17500000000000002
2024	2-3	2020–2021	30	Škoda Karoq	4.2	43	0.09767441860465116
2024	2-3	2020–2021	35	Audi A3	4.3	41	0.1048780487804878
2024	2-3	2020–2021	35	Mercedes-Benz E-Class Coupe	4.3	40	0.1075
2024	2-3	2020–2021	37	Hyundai i20	4.4	30	0.14666666666666667
2024	2-3	2020–2021	37	Kia Rio	4.4	30	0.14666666666666667
2024	2-3	2020–2021	37	VW Golf	4.4	47	0.09361702127659575
2024	2-3	2020–2021	40	Mazda CX-3	4.5	28	0.16071428571428573
2024	2-3	2020–2021	40	Suzuki Swift	4.5	31	0.14516129032258066
2024	2-3	2020–2021	42	BMW X1	4.6	41	0.1121951219512195
2024	2-3	2020–2021	42	BMW X3/X4	4.6	50	0.092
2024	2-3	2020–2021	42	Mercedes-Benz E-Class	4.6	63	0.073015873015873
2024	2-3	2020–2021	42	Nissan Qashqai	4.6	34	0.13529411764705881
2024	2-3	2020–2021	46	Opel Corsa	4.7	28	0.16785714285714287
2024	2-3	2020–2021	47	Mini	4.9	30	0.16333333333333336
2024	2-3	2020–2021	48	Toyota Yaris	5.0	27	0.18518518518518517
2024	2-3	2020–2021	49	Renault Zoe	5.1	27	0.18888888888888888
2024	2-3	2020–2021	49	Seat Mii	5.1	34	0.15
2024	2-3	2020–2021	49	VW Tiguan	5.1	48	0.10625
2024	2-3	2020–2021	49	Škoda Fabia	5.1	31	0.16451612903225804
2024	2-3	2020–2021	53	Volvo XC60	5.2	56	0.09285714285714286
2024	2-3	2020–2021	54	Fiat Panda	5.3	27	0.1962962962962963
2024	2-3	2020–2021	54	Opel Grandland	5.3	39	0.1358974358974359
2024	2-3	2020–2021	54	Smart ForTwo	5.3	20	0.265
2024	2-3	2020–2021	57	Škoda Kodiaq	5.4	58	0.09310344827586207
2024	2-3	2020–2021	58	Ford Kuga	5.6	39	0.14358974358974358
2024	2-3	2020–2021	58	Kia Ceed	5.6	38	0.14736842105263157
2024	2-3	2020–2021	58	Kia Sportage	5.6	37	0.15135135135135133
2024	2-3	2020–2021	58	Toyota Aygo	5.6	28	0.19999999999999998
2024	2-3	2020–2021	58	VW Touran	5.6	54	0.1037037037037037
2024	2-3	2020–2021	63	Fiat 500	5.7	24	0.23750000000000002
2024	2-3	2020–2021	63	Ford Ecosport	5.7	28	0.20357142857142857
2024	2-3	2020–2021	65	Citroën C1	5.8	26	0.22307692307692306
2024	2-3	2020–2021	65	Renault Scenic	5.8	40	0.145
2024	2-3	2020–2021	65	Toyota Corolla	5.8	38	0.15263157894736842
2024	2-3	2020–2021	68	Hyundai i30	5.9	38	0.15526315789473685
2024	2-3	2020–2021	68	Renault Clio	5.9	31	0.1903225806451613
2024	2-3	2020–2021	68	VW Polo	5.9	32	0.184375
2024	2-3	2020–2021	71	Renault Twingo	6.0	25	0.24
2024	2-3	2020–2021	71	Seat Ibiza	6.0	32	0.1875
2024	2-3	2020–2021	71	Seat Leon	6.0	43	0.13953488372093023
2024	2-3	2020–2021	74	Citroën C3	6.1	30	0.2033333333333333
2024	2-3	2020–2021	74	Ford Ka+	6.1	25	0.244
2024	2-3	2020–2021	74	Seat Arona	6.1	29	0.21034482758620687
2024	2-3	2020–2021	77	VW Up!	6.2	33	0.1878787878787879
2024	2-3	2020–2021	78	Ford C-Max	6.3	34	0.18529411764705883
2024	2-3	2020–2021	78	Nissan Micra	6.3	28	0.225
2024	2-3	2020–2021	80	Ford Fiesta	6.4	34	0.18823529411764706
2024	2-3	2020–2021	80	Mazda CX-5	6.4	39	0.1641025641025641
2024	2-3	2020–2021	82	Audi A1	6.5	30	0.21666666666666667
2024	2-3	2020–2021	82	Hyundai Tucson	6.5	36	0.18055555555555555
2024	2-3	2020–2021	82	Mazda 6	6.5	44	0.14772727272727273
2024	2-3	2020–2021	85	BMW 3/4	6.6	57	0.11578947368421053
2024	2-3	2020–2021	85	Opel Astra	6.6	46	0.14347826086956522
2024	2-3	2020–2021	87	Škoda Octavia	6.7	62	0.10806451612903226
2024	2-3	2020–2021	88	BMW X5/X6	7.2	60	0.12000000000000001
2024	2-3	2020–2021	88	Peugeot 308	7.2	44	0.16363636363636364
2024	2-3	2020–2021	88	Škoda Citigo	7.2	31	0.23225806451612904
2024	2-3	2020–2021	91	Hyundai i10	6.5	28	0.23214285714285715
2024	2-3	2020–2021	92	Citroën Berlingo	7.4	42	0.1761904761904762
2024	2-3	2020–2021	93	Opel Insignia	7.5	61	0.12295081967213115
2024	2-3	2020–2021	94	BMW 5/6	7.6	59	0.1288135593220339
2024	2-3	2020–2021	95	Renault Megane	7.7	43	0.17906976744186046
2024	2-3	2020–2021	95	VW Caddy	7.7	49	0.15714285714285714
2024	2-3	2020–2021	97	Dacia Duster	8.1	36	0.22499999999999998
2024	2-3	2020–2021	98	Ford Mondeo	8.2	65	0.12615384615384614
2024	2-3	2020–2021	98	Ford S-Max	8.2	65	0.12615384615384614
2024	2-3	2020–2021	100	Ford Focus	8.5	49	0.17346938775510204
2024	2-3	2020–2021	101	VW Passat	8.7	68	0.12794117647058822
2024	2-3	2020–2021	102	Dacia Sandero	8.8	30	0.29333333333333333
2024	2-3	2020–2021	103	VW Sharan	8.9	53	0.1679245283018868
2024	2-3	2020–2021	104	Škoda Superb	9.0	67	0.13432835820895522
2024	2-3	2020–2021	105	Ford Galaxy	9.1	60	0.15166666666666667
2024	2-3	2020–2021	105	Škoda Scala	9.1	38	0.2394736842105263
2024	2-3	2020–2021	107	Dacia Dokker	10.2	38	0.26842105263157895
2024	2-3	2020–2021	107	Opel Crossland	10.2	28	0.36428571428571427
2024	2-3	2020–2021	109	Seat Alhambra	10.3	50	0.20600000000000002
2024	2-3	2020–2021	110	Dacia Logan	11.4	39	0.2923076923076923
2024	2-3	2020–2021	111	Tesla Model 3	14.7	55	0.2672727272727273
2024	4-5	2018–2019	1	VW Golf Sportsvan	4.2	49	0.08571428571428572
2024	4-5	2018–2019	1	VW T-Roc	4.2	51	0.08235294117647059
2024	4-5	2018–2019	3	VW T-Cross	4.6	34	0.13529411764705881
2024	4-5	2018–2019	4	Audi A6/A7	4.7	69	0.06811594202898551
2024	4-5	2018–2019	5	Audi Q2	4.9	53	0.09245283018867925
2024	4-5	2018–2019	6	VW e-Golf	5.0	49	0.10204081632653061
2024	4-5	2018–2019	7	Mercedes-Benz B-Class	5.3	55	0.09636363636363636
2024	4-5	2018–2019	7	Skoda Karoq	5.3	61	0.08688524590163935
2024	4-5	2018–2019	9	VW Touareg	5.4	67	0.08059701492537313
2024	4-5	2018–2019	10	Audi A3	5.5	63	0.0873015873015873
2024	4-5	2018–2019	11	Audi Q5	5.6	74	0.07567567567567567
2024	4-5	2018–2019	11	Mercedes-Benz GLC	5.6	71	0.07887323943661971
2024	4-5	2018–2019	11	Opel Karl	5.6	39	0.14358974358974358
2024	4-5	2018–2019	11	VW Polo	5.6	48	0.11666666666666665
2024	4-5	2018–2019	15	Suzuki SX4	5.7	54	0.10555555555555556
2024	4-5	2018–2019	15	Suzuki Swift	5.7	47	0.12127659574468086
2024	4-5	2018–2019	17	Mazda 2	5.8	50	0.11599999999999999
2024	4-5	2018–2019	17	Mazda CX-3	5.8	50	0.11599999999999999
2024	4-5	2018–2019	19	Mitsubishi ASX	5.9	58	0.10172413793103449
2024	4-5	2018–2019	20	Suzuki Vitara	6.0	53	0.11320754716981132
2024	4-5	2018–2019	21	Audi TT	6.1	49	0.12448979591836734
2024	4-5	2018–2019	21	Skoda Kodiaq	6.1	78	0.0782051282051282
2024	4-5	2018–2019	23	Mercedes-Benz A-Class	6.2	61	0.10163934426229508
2024	4-5	2018–2019	23	Mercedes-Benz E-Class Coupe	6.2	60	0.10333333333333333
2024	4-5	2018–2019	25	Seat Ateca	6.3	64	0.0984375
2024	4-5	2018–2019	26	Renault Captur	6.4	45	0.14222222222222222
2024	4-5	2018–2019	26	Volvo XC60	6.4	75	0.08533333333333334
2024	4-5	2018–2019	28	VW Golf	6.6	68	0.09705882352941175
2024	4-5	2018–2019	29	Audi Q3	6.7	59	0.1135593220338983
2024	4-5	2018–2019	29	Honda Jazz	6.7	43	0.1558139534883721
2024	4-5	2018–2019	29	Mercedes-Benz C-Class	6.7	73	0.09178082191780822
2024	4-5	2018–2019	32	Ford Fiesta	6.9	49	0.14081632653061224
2024	4-5	2018–2019	32	Kia Picanto	6.9	42	0.16428571428571428
2024	4-5	2018–2019	34	Toyota RAV4	7.0	65	0.1076923076923077
2024	4-5	2018–2019	35	Kia Rio	7.1	53	0.1339622641509434
2024	4-5	2018–2019	35	Mercedes-Benz GLE/ML	7.1	87	0.08160919540229884
2024	4-5	2018–2019	35	VW Tiguan	7.1	69	0.10289855072463767
2024	4-5	2018–2019	38	Audi A1	7.2	52	0.13846153846153847
2024	4-5	2018–2019	39	Opel Mokka	7.3	52	0.14038461538461539
2024	4-5	2018–2019	40	Ford Ecosport	7.4	45	0.16444444444444445
2024	4-5	2018–2019	41	Opel Grandland X	7.6	57	0.13333333333333333
2024	4-5	2018–2019	41	VW Beetle	7.6	45	0.1688888888888889
2024	4-5	2018–2019	43	Nissan Qashqai	7.7	57	0.13508771929824562
2024	4-5	2018–2019	44	Opel Adam	7.8	43	0.18139534883720929
2024	4-5	2018–2019	45	Mazda CX-5	7.9	62	0.12741935483870967
2024	4-5	2018–2019	45	Renault Scenic	7.9	61	0.12950819672131147
2024	4-5	2018–2019	45	Toyota Yaris	7.9	45	0.17555555555555558
2024	4-5	2018–2019	48	Hyundai i20	8.0	52	0.15384615384615385
2024	4-5	2018–2019	48	VW Touran	8.0	81	0.09876543209876543
2024	4-5	2018–2019	48	VW Up!	8.0	47	0.1702127659574468
2024	4-5	2018–2019	51	Hyundai ix20	8.1	43	0.1883720930232558
2024	4-5	2018–2019	51	Mercedes-Benz E-Class	8.1	99	0.08181818181818182
2024	4-5	2018–2019	51	Seat Ibiza	8.1	53	0.15283018867924528
2024	4-5	2018–2019	54	Ford C-Max	8.2	60	0.13666666666666666
2024	4-5	2018–2019	55	Mazda 6	8.3	67	0.12388059701492539
2024	4-5	2018–2019	56	Audi A4/A5	8.4	80	0.10500000000000001
2024	4-5	2018–2019	56	Hyundai i30	8.4	59	0.1423728813559322
2024	4-5	2018–2019	56	Smart ForTwo	8.4	34	0.24705882352941178
2024	4-5	2018–2019	56	Škoda Octavia	8.4	86	0.09767441860465116
2024	4-5	2018–2019	60	Seat Arona	8.6	49	0.17551020408163265
2024	4-5	2018–2019	60	Seat Mii	8.6	50	0.172
2024	4-5	2018–2019	60	Škoda Fabia	8.6	54	0.15925925925925924
2024	4-5	2018–2019	60	Škoda Rapid	8.6	64	0.134375
2024	4-5	2018–2019	64	Seat Leon	8.7	69	0.12608695652173912
2024	4-5	2018–2019	64	Smart ForFour	8.7	40	0.21749999999999997
2024	4-5	2018–2019	64	Škoda Citigo	8.7	45	0.19333333333333333
2024	4-5	2018–2019	67	BMW 1/2	8.9	60	0.14833333333333334
2024	4-5	2018–2019	68	Hyundai Tucson	9.1	60	0.15166666666666667
2024	4-5	2018–2019	68	Kia Sportage	9.1	62	0.14677419354838708
2024	4-5	2018–2019	70	Opel Insignia	9.2	81	0.11358024691358024
2024	4-5	2018–2019	70	Opel Zafira	9.2	74	0.12432432432432432
2024	4-5	2018–2019	72	Peugeot 208	9.4	49	0.19183673469387755
2024	4-5	2018–2019	73	Ford B-Max	9.5	44	0.2159090909090909
2024	4-5	2018–2019	73	Opel Astra	9.5	73	0.13013698630136986
2024	4-5	2018–2019	75	Kia Ceed	9.6	65	0.14769230769230768
2024	4-5	2018–2019	76	BMW 3/4	9.9	83	0.11927710843373494
2024	4-5	2018–2019	76	Renault Twingo	9.9	40	0.2475
2024	4-5	2018–2019	76	Toyota Auris	9.9	64	0.1546875
2024	4-5	2018–2019	76	VW Passat	9.9	96	0.10312500000000001
2024	4-5	2018–2019	80	Opel Corsa	10.1	48	0.21041666666666667
2024	4-5	2018–2019	80	Renault Megane	10.1	64	0.1578125
2024	4-5	2018–2019	82	BMW X3/X4	10.6	69	0.15362318840579708
2024	4-5	2018–2019	82	Fiat 500	10.2	39	0.2615384615384615
2024	4-5	2018–2019	82	Ford Galaxy	10.6	84	0.1261904761904762
2024	4-5	2018–2019	82	Mazda 3	10.2	58	0.17586206896551723
2024	4-5	2018–2019	82	Nissan Micra	10.6	47	0.225531914893617
2024	4-5	2018–2019	82	Peugeot 2008	10.6	50	0.212
2024	4-5	2018–2019	82	Peugeot 308	10.6	72	0.14722222222222223
2024	4-5	2018–2019	82	Renault Clio	10.6	51	0.20784313725490194
2024	4-5	2018–2019	82	Toyota Aygo	10.6	46	0.23043478260869565
2024	4-5	2018–2019	82	Škoda Superb	10.2	95	0.10736842105263157
2024	4-5	2018–2019	85	Citroën C3	10.3	50	0.20600000000000002
2024	4-5	2018–2019	85	Ford S-Max	10.3	85	0.1211764705882353
2024	4-5	2018–2019	87	Ford Kuga	10.4	61	0.17049180327868854
2024	4-5	2018–2019	88	Citroën C1	10.5	43	0.2441860465116279
2024	4-5	2018–2019	88	Ford Mondeo	10.5	91	0.11538461538461539
2024	4-5	2018–2019	97	VW Caddy	10.8	80	0.135
2024	4-5	2018–2019	98	Fiat Panda	11.2	44	0.2545454545454545
2024	4-5	2018–2019	99	Ford Focus	11.3	75	0.15066666666666667
2024	4-5	2018–2019	100	Ford Ka+	11.7	42	0.2785714285714286
2024	4-5	2018–2019	101	Citroën Berlingo	12.3	71	0.17323943661971833
2024	4-5	2018–2019	102	Hyundai i10	13.0	42	0.30952380952380953
2024	4-5	2018–2019	103	Dacia Duster	13.2	58	0.2275862068965517
2024	4-5	2018–2019	104	Opel Crossland	13.7	43	0.3186046511627907
2024	4-5	2018–2019	104	Renault Zoe	13.7	46	0.29782608695652174
2024	4-5	2018–2019	106	Dacia Sandero	13.9	50	0.278
2024	4-5	2018–2019	107	Mini	14.7	49	0.3
2024	4-5	2018–2019	108	BMW 5/6	15.1	87	0.1735632183908046
2024	4-5	2018–2019	109	Dacia Logan	16.0	64	0.25
2024	4-5	2018–2019	110	BMW X1	16.4	63	0.2603174603174603
2024	4-5	2018–2019	111	Dacia Dokker	16.5	67	0.2462686567164179
2024	4-5	2018–2019	112	Seat Alhambra	17.3	76	0.22763157894736843
2024	4-5	2018–2019	113	BMW 2 Active Tourer	17.6	63	0.27936507936507937
2024	4-5	2018–2019	114	VW Sharan	17.7	82	0.21585365853658536
2024	4-5	2018–2019	115	BMW X5/X6	17.9	91	0.1967032967032967
2024	6-7	2016–2017	1	Mazda CX-3	6.5	68	0.09558823529411764
2024	6-7	2016–2017	2	Audi TT	7.2	72	0.1
2024	6-7	2016–2017	3	VW Golf Sportsvan	7.3	72	0.10138888888888889
2024	6-7	2016–2017	4	Suzuki SX4	7.7	79	0.09746835443037975
2024	6-7	2016–2017	5	Mercedes-Benz B-Class	7.8	74	0.1054054054054054
2024	6-7	2016–2017	6	Suzuki Vitara	8.0	83	0.0963855421686747
2024	6-7	2016–2017	7	Mazda 2	8.1	71	0.11408450704225352
2024	6-7	2016–2017	8	Audi Q2	8.3	66	0.12575757575757576
2024	6-7	2016–2017	9	Honda Jazz	8.4	58	0.14482758620689656
2024	6-7	2016–2017	10	Mercedes-Benz A-Class	8.6	82	0.1048780487804878
2024	6-7	2016–2017	11	Mitsubishi ASX	8.7	85	0.10235294117647058
2024	6-7	2016–2017	12	Mercedes-Benz E-Class Coupe	9.0	77	0.11688311688311688
2024	6-7	2016–2017	13	VW Tiguan	9.3	91	0.10219780219780221
2024	6-7	2016–2017	14	Audi Q5	9.4	115	0.0817391304347826
2024	6-7	2016–2017	15	Audi A3	9.5	91	0.1043956043956044
2024	6-7	2016–2017	16	Toyota RAV4	9.6	92	0.10434782608695652
2024	6-7	2016–2017	17	Mercedes-Benz GLE/ML	9.7	114	0.0850877192982456
2024	6-7	2016–2017	17	Seat Ateca	9.7	84	0.11547619047619047
2024	6-7	2016–2017	19	Audi A1	9.9	72	0.1375
2024	6-7	2016–2017	20	Audi Q3	10.1	83	0.1216867469879518
2024	6-7	2016–2017	21	Opel Meriva	10.4	69	0.15072463768115943
2024	6-7	2016–2017	21	Opel Mokka	10.4	74	0.14054054054054055
2024	6-7	2016–2017	23	Opel Karl	10.5	56	0.1875
2024	6-7	2016–2017	24	VW Golf	10.8	96	0.1125
2024	6-7	2016–2017	25	VW Touran	10.9	106	0.10283018867924529
2024	6-7	2016–2017	26	Opel Astra	11.2	89	0.12584269662921346
2024	6-7	2016–2017	27	Mercedes-Benz GLC	11.3	97	0.11649484536082474
2024	6-7	2016–2017	28	Hyundai i20	11.4	73	0.15616438356164383
2024	6-7	2016–2017	28	Mercedes-Benz C-Class	11.4	104	0.10961538461538461
2024	6-7	2016–2017	30	Audi A6/A7	11.5	131	0.08778625954198473
2024	6-7	2016–2017	30	VW Touareg	11.5	114	0.10087719298245613
2024	6-7	2016–2017	32	Mazda CX-5	11.6	96	0.12083333333333333
2024	6-7	2016–2017	32	Opel Adam	11.6	61	0.1901639344262295
2024	6-7	2016–2017	32	Volvo XC60	11.6	112	0.10357142857142856
2024	6-7	2016–2017	35	Mazda 3	11.8	82	0.14390243902439026
2024	6-7	2016–2017	36	Hyundai ix20	11.9	62	0.19193548387096776
2024	6-7	2016–2017	36	Opel Zafira	11.9	102	0.11666666666666667
2024	6-7	2016–2017	38	Ford B-Max	12.1	61	0.19836065573770492
2024	6-7	2016–2017	38	VW Polo	12.1	70	0.17285714285714285
2024	6-7	2016–2017	40	Ford Kuga	12.2	91	0.13406593406593406
2024	6-7	2016–2017	40	Seat Leon	12.2	99	0.12323232323232322
2024	6-7	2016–2017	40	Škoda Fabia	12.2	76	0.16052631578947368
2024	6-7	2016–2017	43	Ford C-Max	12.3	85	0.14470588235294118
2024	6-7	2016–2017	43	Suzuki Swift	12.3	73	0.1684931506849315
2024	6-7	2016–2017	43	Toyota Yaris	12.3	63	0.19523809523809524
2024	6-7	2016–2017	43	Škoda Octavia	12.3	117	0.10512820512820513
2024	6-7	2016–2017	47	Renault Captur	12.4	67	0.18507462686567164
2024	6-7	2016–2017	47	Toyota Auris	12.4	81	0.15308641975308643
2024	6-7	2016–2017	47	Škoda Citigo	12.4	63	0.19682539682539682
2024	6-7	2016–2017	50	Mazda 6	12.5	104	0.1201923076923077
2024	6-7	2016–2017	50	Mercedes-Benz E-Class	12.5	122	0.10245901639344263
2024	6-7	2016–2017	52	VW Beetle	12.6	64	0.196875
2024	6-7	2016–2017	53	Ford Mondeo	13.1	124	0.10564516129032257
2024	6-7	2016–2017	53	Toyota Aygo	13.1	62	0.21129032258064515
2024	6-7	2016–2017	55	Škoda Yeti	13.2	83	0.15903614457831325
2024	6-7	2016–2017	56	Kia Sportage	13.4	83	0.16144578313253014
2024	6-7	2016–2017	56	Seat Mii	13.4	65	0.20615384615384616
2024	6-7	2016–2017	58	VW Up!	13.5	64	0.2109375
2024	6-7	2016–2017	59	Nissan Qashqai	13.6	84	0.1619047619047619
2024	6-7	2016–2017	59	Škoda Rapid	13.6	89	0.15280898876404495
2024	6-7	2016–2017	61	Škoda Superb	13.7	121	0.11322314049586776
2024	6-7	2016–2017	62	Ford Galaxy	13.9	113	0.12300884955752213
2024	6-7	2016–2017	63	BMW X3/X4	14.0	106	0.1320754716981132
2024	6-7	2016–2017	63	Renault Megane	14.0	76	0.18421052631578946
2024	6-7	2016–2017	63	VW Passat	14.0	134	0.1044776119402985
2024	6-7	2016–2017	66	BMW 1/2	14.2	86	0.16511627906976745
2024	6-7	2016–2017	66	VW Caddy	14.2	108	0.13148148148148148
2024	6-7	2016–2017	68	Ford Ecosport	14.3	65	0.22
2024	6-7	2016–2017	68	Ford S-Max	14.3	115	0.12434782608695653
2024	6-7	2016–2017	68	Opel Corsa	14.3	68	0.21029411764705883
2024	6-7	2016–2017	68	Smart ForTwo	14.3	50	0.28600000000000003
2024	6-7	2016–2017	72	Hyundai ix35	14.7	85	0.17294117647058824
2024	6-7	2016–2017	73	Kia Rio	14.8	71	0.2084507042253521
2024	6-7	2016–2017	74	Audi A4/A5	15.0	112	0.13392857142857142
2024	6-7	2016–2017	75	Citroën C1	15.1	60	0.25166666666666665
2024	6-7	2016–2017	75	Kia Ceed	15.1	91	0.16593406593406593
2024	6-7	2016–2017	75	Peugeot 208	15.1	67	0.2253731343283582
2024	6-7	2016–2017	78	Ford Focus	15.3	100	0.153
2024	6-7	2016–2017	79	Seat Ibiza	15.5	79	0.1962025316455696
2024	6-7	2016–2017	80	BMW 3/4	15.6	118	0.13220338983050847
2024	6-7	2016–2017	81	Peugeot 308	16.0	105	0.1523809523809524
2024	6-7	2016–2017	82	Kia Picanto	16.1	61	0.26393442622950825
2024	6-7	2016–2017	82	Renault Scenic	16.1	92	0.17500000000000002
2024	6-7	2016–2017	84	Opel Insignia	16.3	124	0.13145161290322582
2024	6-7	2016–2017	85	Škoda Roomster	16.3	90	0.1811111111111111
2024	6-7	2016–2017	86	Ford Fiesta	17.0	73	0.2328767123287671
2024	6-7	2016–2017	86	Hyundai i30	17.0	93	0.1827956989247312
2024	6-7	2016–2017	88	Renault Twingo	17.4	56	0.31071428571428567
2024	6-7	2016–2017	89	Citroën C3	17.5	68	0.25735294117647056
2024	6-7	2016–2017	89	Smart ForFour	17.5	56	0.3125
2024	6-7	2016–2017	91	Peugeot 2008	17.6	72	0.24444444444444446
2024	6-7	2016–2017	92	Fiat 500	18.0	56	0.32142857142857145
2024	6-7	2016–2017	92	Fiat Panda	18.0	64	0.28125
2024	6-7	2016–2017	94	Nissan Micra	18.2	59	0.3084745762711864
2024	6-7	2016–2017	95	Hyundai i10	18.3	60	0.305
2024	6-7	2016–2017	96	Citroën Berlingo	18.4	95	0.19368421052631576
2024	6-7	2016–2017	97	BMW X1	18.9	83	0.22771084337349395
2024	6-7	2016–2017	97	Mini	18.9	71	0.2661971830985915
2024	6-7	2016–2017	99	Fiat Punto	19.1	65	0.29384615384615387
2024	6-7	2016–2017	100	Renault Clio	19.2	72	0.26666666666666666
2024	6-7	2016–2017	101	Seat Alhambra	19.4	111	0.17477477477477477
2024	6-7	2016–2017	102	BMW 2 Active Tourer	19.6	88	0.22272727272727275
2024	6-7	2016–2017	103	VW Sharan	19.8	118	0.16779661016949154
2024	6-7	2016–2017	104	BMW X5/X6	20.8	122	0.17049180327868854
2024	6-7	2016–2017	105	Dacia Sandero	21.0	70	0.3
2024	6-7	2016–2017	106	Ford Ka	21.8	66	0.3303030303030303
2024	6-7	2016–2017	107	Dacia Logan	22.4	89	0.2516853932584269
2024	6-7	2016–2017	108	Dacia Duster	24.6	81	0.3037037037037037
2024	6-7	2016–2017	109	BMW 5/6	24.8	134	0.18507462686567164
2024	6-7	2016–2017	110	Dacia Dokker	25.9	91	0.2846153846153846
2024	8-9	2014–2015	1	Mercedes-Benz B-Class	10.5	90	0.11666666666666667
2024	8-9	2014–2015	2	Suzuki SX4	10.8	96	0.1125
2024	8-9	2014–2015	3	VW Golf Sportsvan	10.9	90	0.12111111111111111
2024	8-9	2014–2015	4	Mercedes-Benz A-Class	11.4	103	0.11067961165048544
2024	8-9	2014–2015	5	Audi Q5	12.0	137	0.08759124087591241
2024	8-9	2014–2015	6	VW Touareg	12.4	147	0.08435374149659865
2024	8-9	2014–2015	7	Honda Jazz	12.7	81	0.1567901234567901
2024	8-9	2014–2015	7	Volvo XC60	12.7	141	0.0900709219858156
2024	8-9	2014–2015	9	Toyota RAV4	12.8	111	0.11531531531531532
2024	8-9	2014–2015	10	Audi A3	13.1	114	0.11491228070175438
2024	8-9	2014–2015	11	Mercedes-Benz E-Class Coupe	13.3	97	0.13711340206185568
2024	8-9	2014–2015	12	Mercedes-Benz GLE/ML	13.4	144	0.09305555555555556
2024	8-9	2014–2015	13	Mercedes-Benz GLC	13.6	124	0.10967741935483871
2024	8-9	2014–2015	14	Toyota Auris	13.8	105	0.13142857142857142
2024	8-9	2014–2015	15	BMW X1	13.9	111	0.12522522522522522
2024	8-9	2014–2015	16	VW Golf	14.0	117	0.11965811965811966
2024	8-9	2014–2015	17	Mitsubishi ASX	14.2	111	0.12792792792792793
2024	8-9	2014–2015	18	Mazda 2	14.4	82	0.175609756097561
2024	8-9	2014–2015	19	Suzuki Swift	14.5	91	0.15934065934065933
2024	8-9	2014–2015	20	Audi A4/A5	14.6	146	0.09999999999999999
2024	8-9	2014–2015	20	Audi Q3	14.6	109	0.13394495412844037
2024	8-9	2014–2015	22	Audi A1	14.9	95	0.1568421052631579
2024	8-9	2014–2015	23	Audi A6/A7	15.0	162	0.09259259259259259
2024	8-9	2014–2015	24	Opel Mokka	15.1	94	0.16063829787234044
2024	8-9	2014–2015	25	Opel Meriva	15.4	81	0.19012345679012346
2024	8-9	2014–2015	26	Mercedes-Benz C-Class	15.5	124	0.125
2024	8-9	2014–2015	27	Ford B-Max	15.6	81	0.1925925925925926
2024	8-9	2014–2015	28	Seat Leon	16.1	121	0.13305785123966943
2024	8-9	2014–2015	28	VW Passat	16.1	152	0.10592105263157896
2024	8-9	2014–2015	30	Škoda Octavia	16.3	141	0.11560283687943262
2024	8-9	2014–2015	31	Mazda 6	16.4	129	0.12713178294573643
2024	8-9	2014–2015	32	Ford C-Max	16.5	118	0.13983050847457626
2024	8-9	2014–2015	32	Seat Mii	16.5	82	0.20121951219512196
2024	8-9	2014–2015	32	Škoda Citigo	16.5	82	0.20121951219512196
2024	8-9	2014–2015	32	Škoda Yeti	16.5	107	0.1542056074766355
2024	8-9	2014–2015	36	Ford Kuga	16.6	114	0.1456140350877193
2024	8-9	2014–2015	36	Smart ForTwo	16.6	67	0.24776119402985078
2024	8-9	2014–2015	36	Toyota Yaris	16.6	82	0.20243902439024392
2024	8-9	2014–2015	39	Renault Captur	16.7	84	0.1988095238095238
2024	8-9	2014–2015	40	VW Up!	16.8	82	0.20487804878048782
2024	8-9	2014–2015	41	BMW 1/2	17.4	112	0.15535714285714283
2024	8-9	2014–2015	41	Škoda Superb	17.4	163	0.1067484662576687
2024	8-9	2014–2015	43	Opel Adam	17.5	80	0.21875
2024	8-9	2014–2015	44	Škoda Roomster	17.6	102	0.17254901960784316
2024	8-9	2014–2015	45	Škoda Rapid	17.7	106	0.1669811320754717
2024	8-9	2014–2015	46	Mazda 3	17.8	100	0.17800000000000002
2024	8-9	2014–2015	47	VW Polo	17.9	90	0.19888888888888887
2024	8-9	2014–2015	48	BMW X3/X4	18.0	132	0.13636363636363635
2024	8-9	2014–2015	48	Mercedes-Benz E-Class	18.0	164	0.10975609756097561
2024	8-9	2014–2015	48	Opel Zafira	18.0	130	0.13846153846153847
2024	8-9	2014–2015	48	VW Touran	18.0	137	0.13138686131386862
2024	8-9	2014–2015	52	BMW 3/4	18.3	143	0.12797202797202797
2024	8-9	2014–2015	52	Mazda CX-5	18.3	119	0.15378151260504203
2024	8-9	2014–2015	54	Opel Astra	18.4	120	0.15333333333333332
2024	8-9	2014–2015	55	Škoda Fabia	18.5	97	0.19072164948453607
2024	8-9	2014–2015	56	Opel Insignia	19.1	148	0.12905405405405407
2024	8-9	2014–2015	57	VW Beetle	19.2	85	0.22588235294117645
2024	8-9	2014–2015	58	Citroën C1	19.3	80	0.24125000000000002
2024	8-9	2014–2015	58	Peugeot 308	19.3	119	0.16218487394957984
2024	8-9	2014–2015	60	VW Tiguan	19.5	112	0.17410714285714285
2024	8-9	2014–2015	61	Nissan Qashqai	19.8	103	0.19223300970873788
2024	8-9	2014–2015	61	Opel Corsa	19.8	88	0.225
2024	8-9	2014–2015	63	Seat Alhambra	20.1	141	0.1425531914893617
2024	8-9	2014–2015	63	Toyota Aygo	20.1	80	0.25125000000000003
2024	8-9	2014–2015	65	Hyundai ix20	20.2	80	0.2525
2024	8-9	2014–2015	65	VW Caddy	20.2	137	0.14744525547445256
2024	8-9	2014–2015	67	Kia Picanto	20.6	73	0.2821917808219178
2024	8-9	2014–2015	67	Peugeot 208	20.6	73	0.2821917808219178
2024	8-9	2014–2015	69	Ford Fiesta	20.9	91	0.22967032967032966
2024	8-9	2014–2015	70	Renault Scenic	21.1	103	0.20485436893203884
2024	8-9	2014–2015	71	Kia Rio	21.3	90	0.23666666666666666
2024	8-9	2014–2015	72	Nissan Micra	21.5	73	0.2945205479452055
2024	8-9	2014–2015	73	Hyundai ix35	21.7	105	0.20666666666666667
2024	8-9	2014–2015	74	Fiat Panda	21.8	75	0.2906666666666667
2024	8-9	2014–2015	75	Citroën Berlingo	21.9	121	0.18099173553719006
2024	8-9	2014–2015	76	Renault Twingo	22.2	67	0.33134328358208953
2024	8-9	2014–2015	76	VW Sharan	22.2	147	0.1510204081632653
2024	8-9	2014–2015	78	Peugeot 2008	22.3	95	0.23473684210526316
2024	8-9	2014–2015	79	Ford S-Max	22.5	152	0.14802631578947367
2024	8-9	2014–2015	80	Ford Focus	22.6	122	0.18524590163934426
2024	8-9	2014–2015	81	Kia Ceed	22.7	111	0.2045045045045045
2024	8-9	2014–2015	82	Citroën C3	22.8	90	0.25333333333333335
2024	8-9	2014–2015	82	Hyundai i10	22.8	72	0.31666666666666665
2024	8-9	2014–2015	84	BMW 2 Active Tourer	22.9	105	0.2180952380952381
2024	8-9	2014–2015	84	Ford Ka	22.9	74	0.30945945945945946
2024	8-9	2014–2015	84	Renault Clio	22.9	90	0.2544444444444444
2024	8-9	2014–2015	87	Kia Sportage	23.6	111	0.21261261261261263
2024	8-9	2014–2015	87	Seat Ibiza	23.6	101	0.23366336633663368
2024	8-9	2014–2015	89	Fiat 500	23.8	74	0.3216216216216216
2024	8-9	2014–2015	89	Mini	23.8	86	0.27674418604651163
2024	8-9	2014–2015	89	Smart ForFour	23.8	71	0.3352112676056338
2024	8-9	2014–2015	92	BMW X5/X6	23.9	145	0.16482758620689655
2024	8-9	2014–2015	93	Ford Galaxy	24.7	159	0.15534591194968553
2024	8-9	2014–2015	94	Hyundai i30	25.3	108	0.23425925925925928
2024	8-9	2014–2015	95	BMW 5/6	25.4	160	0.15875
2024	8-9	2014–2015	96	Hyundai i20	25.7	85	0.3023529411764706
2024	8-9	2014–2015	97	Ford Mondeo	26.1	156	0.16730769230769232
2024	8-9	2014–2015	98	Dacia Sandero	26.5	91	0.29120879120879123
2024	8-9	2014–2015	99	Renault Megane	27.4	119	0.23025210084033612
2024	8-9	2014–2015	100	Dacia Duster	28.5	106	0.2688679245283019
2024	8-9	2014–2015	101	Dacia Logan	29.1	108	0.26944444444444443
2024	8-9	2014–2015	102	Fiat Punto	29.7	86	0.3453488372093023
2024	8-9	2014–2015	103	Dacia Dokker	32.2	111	0.2900900900900901
2024	10-11	2012–2013	1	Audi TT	12.3	107	0.11495327102803739
2024	10-11	2012–2013	2	Mercedes-Benz B-Class	14.6	107	0.13644859813084112
2024	10-11	2012–2013	3	VW Touareg	15.6	180	0.08666666666666667
2024	10-11	2012–2013	4	Honda Jazz	16.2	100	0.162
2024	10-11	2012–2013	4	Mercedes-Benz GLE/ML	16.2	164	0.09878048780487804
2024	10-11	2012–2013	6	Toyota RAV4	16.6	129	0.12868217054263567
2024	10-11	2012–2013	7	Audi Q5	16.8	158	0.10632911392405063
2024	10-11	2012–2013	7	VW Golf Plus	16.8	101	0.16633663366336635
2024	10-11	2012–2013	9	BMW X1	17.2	133	0.12932330827067667
2024	10-11	2012–2013	10	Mini	17.5	103	0.16990291262135923
2024	10-11	2012–2013	11	Mazda 3	17.8	112	0.15892857142857145
2024	10-11	2012–2013	12	Audi A6/A7	18.2	185	0.09837837837837837
2024	10-11	2012–2013	12	Mercedes-Benz E-Class Coupe	18.2	119	0.15294117647058822
2024	10-11	2012–2013	14	Audi A3	18.5	137	0.13503649635036497
2024	10-11	2012–2013	14	Mitsubishi ASX	18.5	132	0.14015151515151514
2024	10-11	2012–2013	16	Opel Agila B	18.6	74	0.2513513513513514
2024	10-11	2012–2013	16	Volvo XC60	18.6	171	0.10877192982456141
2024	10-11	2012–2013	18	Audi Q3	18.8	128	0.146875
2024	10-11	2012–2013	18	Mercedes-Benz GLK	18.8	146	0.12876712328767123
2024	10-11	2012–2013	20	Audi A1	19.5	114	0.17105263157894737
2024	10-11	2012–2013	21	Audi A4/A5	19.8	168	0.11785714285714285
2024	10-11	2012–2013	21	Škoda Citigo	19.8	96	0.20625000000000002
2024	10-11	2012–2013	23	VW Golf	20.1	137	0.1467153284671533
2024	10-11	2012–2013	24	BMW X5/X6	20.4	178	0.1146067415730337
2024	10-11	2012–2013	25	Škoda Yeti	20.5	127	0.16141732283464566
2024	10-11	2012–2013	26	BMW X3/X4	21.3	152	0.1401315789473684
2024	10-11	2012–2013	26	Opel Meriva	21.3	103	0.20679611650485438
2024	10-11	2012–2013	28	Toyota Yaris	21.4	96	0.22291666666666665
2024	10-11	2012–2013	29	Suzuki Swift	21.6	107	0.20186915887850468
2024	10-11	2012–2013	30	Smart ForTwo	21.7	83	0.2614457831325301
2024	10-11	2012–2013	31	Mercedes-Benz A-Class	21.8	95	0.22947368421052633
2024	10-11	2012–2013	32	Seat Mii	21.9	97	0.22577319587628863
2024	10-11	2012–2013	33	VW Beetle	22.2	102	0.21764705882352942
2024	10-11	2012–2013	34	VW Up!	22.3	98	0.22755102040816327
2024	10-11	2012–2013	35	Ford B-Max	22.6	100	0.226
2024	10-11	2012–2013	36	Mazda 6	23.0	151	0.152317880794702
2024	10-11	2012–2013	37	BMW 1/2	23.1	131	0.17633587786259544
2024	10-11	2012–2013	37	Mazda 2	23.1	97	0.23814432989690723
2024	10-11	2012–2013	37	VW Touran	23.1	160	0.144375
2024	10-11	2012–2013	37	Škoda Roomster	23.1	123	0.1878048780487805
2024	10-11	2012–2013	41	Toyota Auris	23.2	113	0.20530973451327433
2024	10-11	2012–2013	42	Ford C-Max	23.6	181	0.13038674033149172
2024	10-11	2012–2013	42	Škoda Superb	23.6	182	0.12967032967032968
2024	10-11	2012–2013	44	Mazda CX-5	23.9	130	0.18384615384615383
2024	10-11	2012–2013	44	Mercedes-Benz C-Class	23.9	149	0.1604026845637584
2024	10-11	2012–2013	44	VW Polo	23.9	109	0.21926605504587154
2024	10-11	2012–2013	47	VW Caddy	24.0	154	0.15584415584415584
2024	10-11	2012–2013	48	BMW 3/4	24.4	164	0.14878048780487804
2024	10-11	2012–2013	49	VW Tiguan	24.5	134	0.1828358208955224
2024	10-11	2012–2013	49	Škoda Fabia	24.5	114	0.2149122807017544
2024	10-11	2012–2013	51	Opel Astra	24.8	137	0.181021897810219
2024	10-11	2012–2013	52	Toyota Aygo	25.1	93	0.2698924731182796
2024	10-11	2012–2013	53	Opel Adam	25.2	91	0.27692307692307694
2024	10-11	2012–2013	53	Seat Leon	25.2	137	0.18394160583941604
2024	10-11	2012–2013	55	Seat Alhambra	25.3	173	0.146242774566474
2024	10-11	2012–2013	56	Opel Mokka	25.5	110	0.2318181818181818
2024	10-11	2012–2013	57	Suzuki SX4	25.8	106	0.24339622641509434
2024	10-11	2012–2013	58	Opel Corsa	25.9	103	0.25145631067961166
2024	10-11	2012–2013	59	Hyundai ix20	26.0	94	0.2765957446808511
2024	10-11	2012–2013	60	Citroën C1	26.1	94	0.27765957446808515
2024	10-11	2012–2013	60	Ford Kuga	26.1	151	0.17284768211920531
2024	10-11	2012–2013	60	Hyundai i10	26.1	83	0.3144578313253012
2024	10-11	2012–2013	60	Škoda Octavia	26.1	164	0.15914634146341464
2024	10-11	2012–2013	64	Mercedes-Benz E-Class	26.3	179	0.146927374301676
2024	10-11	2012–2013	64	Opel Zafira	26.3	145	0.1813793103448276
2024	10-11	2012–2013	66	Ford Fiesta	26.8	107	0.2504672897196262
2024	10-11	2012–2013	67	Opel Insignia	26.9	170	0.15823529411764706
2024	10-11	2012–2013	68	Peugeot 308	27.2	131	0.20763358778625954
2024	10-11	2012–2013	69	VW Sharan	27.4	181	0.15138121546961325
2024	10-11	2012–2013	70	Seat Ibiza	27.6	121	0.22809917355371903
2024	10-11	2012–2013	71	Hyundai ix35	27.8	126	0.22063492063492063
2024	10-11	2012–2013	71	VW Passat	27.8	190	0.1463157894736842
2024	10-11	2012–2013	73	Kia Rio	28.1	109	0.25779816513761467
2024	10-11	2012–2013	74	Citroën Berlingo	28.2	139	0.2028776978417266
2024	10-11	2012–2013	75	Ford Focus	29.2	190	0.15368421052631578
2024	10-11	2012–2013	75	Ford Ka	29.2	90	0.3244444444444444
2024	10-11	2012–2013	77	Kia Picanto	29.3	88	0.33295454545454545
2024	10-11	2012–2013	78	BMW 5/6	29.4	184	0.15978260869565217
2024	10-11	2012–2013	78	Renault Scenic	29.4	121	0.24297520661157024
2024	10-11	2012–2013	80	Ford S-Max	30.1	175	0.17200000000000001
2024	10-11	2012–2013	81	Hyundai i30	30.2	124	0.24354838709677418
2024	10-11	2012–2013	81	Kia Ceed	30.2	122	0.24754098360655738
2024	10-11	2012–2013	83	Nissan Micra	30.3	90	0.33666666666666667
2024	10-11	2012–2013	84	Fiat 500	30.5	89	0.34269662921348315
2024	10-11	2012–2013	85	Hyundai i20	30.9	104	0.2971153846153846
2024	10-11	2012–2013	86	Kia Sportage	31.2	129	0.24186046511627907
2024	10-11	2012–2013	87	Nissan Qashqai	31.6	132	0.2393939393939394
2024	10-11	2012–2013	88	Ford Galaxy	31.7	181	0.17513812154696132
2024	10-11	2012–2013	89	Ford Mondeo	32.3	176	0.18352272727272725
2024	10-11	2012–2013	90	Peugeot 207	32.7	102	0.3205882352941177
2024	10-11	2012–2013	91	Dacia Duster	33.7	123	0.2739837398373984
2024	10-11	2012–2013	91	Dacia Sandero	33.7	106	0.31792452830188683
2024	10-11	2012–2013	93	Citroën C3	33.9	101	0.3356435643564356
2024	10-11	2012–2013	93	Renault Megane	33.9	137	0.24744525547445254
2024	10-11	2012–2013	95	Fiat Panda	34.2	89	0.38426966292134834
2024	10-11	2012–2013	95	Fiat Punto	34.2	106	0.3226415094339623
2024	10-11	2012–2013	97	Renault Clio	34.6	103	0.3359223300970874
2024	10-11	2012–2013	98	Dacia Logan	35.5	133	0.2669172932330827
2024	10-11	2012–2013	99	Renault Twingo	36.2	95	0.3810526315789474
2024	12-13	2010–2011	1	Audi TT	15.0	130	0.11538461538461539
2024	12-13	2010–2011	2	VW Golf Plus	20.7	116	0.17844827586206896
2024	12-13	2010–2011	3	Toyota RAV4	21.3	142	0.15
2024	12-13	2010–2011	4	BMW X1	21.4	151	0.14172185430463574
2024	12-13	2010–2011	5	Volvo XC60	22.5	199	0.11306532663316583
2024	12-13	2010–2011	6	Audi A3	22.8	148	0.15405405405405406
2024	12-13	2010–2011	7	Honda Jazz	22.9	117	0.19572649572649573
2024	12-13	2010–2011	8	Audi A6/A7	23.0	198	0.11616161616161616
2024	12-13	2010–2011	9	Mercedes-Benz E-Class Coupe	23.2	134	0.17313432835820894
2024	12-13	2010–2011	9	Mini	23.2	117	0.19829059829059828
2024	12-13	2010–2011	11	Mazda 3	23.6	125	0.18880000000000002
2024	12-13	2010–2011	12	VW Golf	23.7	144	0.16458333333333333
2024	12-13	2010–2011	12	Škoda Yeti	23.7	143	0.16573426573426572
2024	12-13	2010–2011	14	Audi Q5	24.1	179	0.13463687150837989
2024	12-13	2010–2011	15	BMW X5/X6	24.5	200	0.1225
2024	12-13	2010–2011	16	Audi A1	25.2	136	0.18529411764705883
2024	12-13	2010–2011	16	Audi A4/A5	25.2	181	0.13922651933701657
2024	12-13	2010–2011	18	Mercedes-Benz GLK	25.5	165	0.15454545454545454
2024	12-13	2010–2011	19	Toyota Auris	25.6	124	0.2064516129032258
2024	12-13	2010–2011	20	BMW X3/X4	25.9	170	0.15235294117647058
2024	12-13	2010–2011	20	Mercedes-Benz A-Class	25.9	110	0.23545454545454544
2024	12-13	2010–2011	22	Opel Meriva	26.6	115	0.23130434782608697
2024	12-13	2010–2011	23	VW Touran	26.8	176	0.15227272727272728
2024	12-13	2010–2011	24	Toyota Yaris	25.6	124	0.2064516129032258
2024	12-13	2010–2011	25	VW Tiguan	27.2	154	0.17662337662337663
2024	12-13	2010–2011	26	Suzuki SX4	27.5	119	0.23109243697478993
2024	12-13	2010–2011	26	VW Caddy	27.5	169	0.16272189349112426
2024	12-13	2010–2011	28	VW Polo	27.7	121	0.22892561983471074
2024	12-13	2010–2011	29	BMW 1/2	28.0	150	0.18666666666666668
2024	12-13	2010–2011	29	Opel Astra	28.0	139	0.2014388489208633
2024	12-13	2010–2011	31	Mercedes-Benz B-Class	28.1	122	0.23032786885245904
2024	12-13	2010–2011	32	Smart ForTwo	28.2	95	0.2968421052631579
2024	12-13	2010–2011	33	Opel Insignia	28.3	171	0.1654970760233918
2024	12-13	2010–2011	34	Mazda 6	28.5	162	0.17592592592592593
2024	12-13	2010–2011	35	BMW 3/4	28.6	176	0.1625
2024	12-13	2010–2011	36	Škoda Octavia	28.9	172	0.16802325581395347
2024	12-13	2010–2011	37	Škoda Superb	29.0	189	0.15343915343915343
2024	12-13	2010–2011	38	Škoda Fabia	29.3	125	0.2344
2024	12-13	2010–2011	39	Ford C-Max	29.6	179	0.16536312849162013
2024	12-13	2010–2011	40	Hyundai ix35	29.7	136	0.21838235294117647
2024	12-13	2010–2011	40	Mazda 2	29.7	115	0.2582608695652174
2024	12-13	2010–2011	42	Renault Scenic	29.8	141	0.21134751773049645
2024	12-13	2010–2011	43	Mercedes-Benz E-Class	29.9	190	0.15736842105263157
2024	12-13	2010–2011	43	Škoda Roomster	29.9	141	0.21205673758865248
2024	12-13	2010–2011	45	Mercedes-Benz C-Class	30.0	166	0.18072289156626506
2024	12-13	2010–2011	46	BMW 5/6	30.3	199	0.15226130653266332
2024	12-13	2010–2011	47	Opel Karl/Agila	30.5	89	0.34269662921348315
2024	12-13	2010–2011	47	VW Sharan	30.5	197	0.1548223350253807
2024	12-13	2010–2011	49	Opel Corsa	31.1	117	0.2658119658119658
2024	12-13	2010–2011	50	VW Passat	31.2	207	0.15072463768115943
2024	12-13	2010–2011	51	Ford Kuga	31.3	165	0.1896969696969697
2024	12-13	2010–2011	52	Ford Fiesta	31.4	123	0.2552845528455284
2024	12-13	2010–2011	53	Hyundai i20	32.0	112	0.2857142857142857
2024	12-13	2010–2011	53	Seat Ibiza	32.0	138	0.2318840579710145
2024	12-13	2010–2011	55	Seat Leon	32.3	151	0.2139072847682119
2024	12-13	2010–2011	56	Hyundai i10	32.4	97	0.334020618556701
2024	12-13	2010–2011	57	Opel Zafira	33.1	159	0.20817610062893083
2024	12-13	2010–2011	58	Toyota Aygo	33.2	106	0.31320754716981136
2024	12-13	2010–2011	59	Citroën C1	33.3	109	0.3055045871559633
2024	12-13	2010–2011	60	Citroën Berlingo	33.5	155	0.2161290322580645
2024	12-13	2010–2011	61	Peugeot 308	34.0	140	0.24285714285714285
2024	12-13	2010–2011	62	Ford S-Max	34.1	199	0.171356783919598
2024	12-13	2010–2011	63	Kia Ceed	34.5	135	0.25555555555555554
2024	12-13	2010–2011	64	Hyundai i30	34.6	137	0.25255474452554744
2024	12-13	2010–2011	65	Citroën C3	34.7	111	0.31261261261261264
2024	12-13	2010–2011	66	Ford Ka	34.9	103	0.33883495145631065
2024	12-13	2010–2011	67	Fiat 500	35.1	104	0.3375
2024	12-13	2010–2011	68	Ford Mondeo	35.9	192	0.18697916666666667
2024	12-13	2010–2011	69	Renault Megane	36.0	142	0.2535211267605634
2024	12-13	2010–2011	69	Suzuki Swift	36.0	123	0.2926829268292683
2024	12-13	2010–2011	71	Dacia Duster	36.1	135	0.2674074074074074
2024	12-13	2010–2011	71	Ford Focus	36.1	149	0.24228187919463087
2024	12-13	2010–2011	73	Nissan Micra	36.3	115	0.31565217391304345
2024	12-13	2010–2011	74	Kia Picanto	37.0	98	0.37755102040816324
2024	12-13	2010–2011	75	Ford Galaxy	37.1	203	0.18275862068965518
2024	12-13	2010–2011	76	Fiat Panda	37.3	103	0.36213592233009706
2024	12-13	2010–2011	77	Peugeot 207	37.6	115	0.3269565217391304
2024	12-13	2010–2011	78	Fiat Punto	37.7	123	0.3065040650406504
2024	12-13	2010–2011	79	Dacia Sandero	38.5	116	0.33189655172413796
2024	12-13	2010–2011	80	Renault Clio	38.6	119	0.3243697478991597
2024	12-13	2010–2011	81	Nissan Qashqai	38.8	146	0.2657534246575342
2024	12-13	2010–2011	82	Renault Twingo	39.9	106	0.3764150943396226
2024	12-13	2010–2011	83	Dacia Logan	40.9	146	0.28013698630136985
2025	2-3	2021–2022	1	Honda Jazz	2.4	28	0.08571428571428572
2025	2-3	2021–2022	2	VW Golf Sportsvan	2.5	31	0.08064516129032258
2025	2-3	2021–2022	3	Audi Q2	2.6	33	0.0787878787878788
2025	2-3	2021–2022	3	Porsche 911 Carrera	2.6	21	0.12380952380952381
2025	2-3	2021–2022	5	Mitsubishi ASX	2.7	40	0.0675
2025	2-3	2021–2022	6	Mercedes-Benz B-Class	2.9	36	0.08055555555555555
2025	2-3	2021–2022	6	VW T-Roc	2.9	34	0.08529411764705883
2025	2-3	2021–2022	8	Mercedes-Benz GLC	3.3	53	0.062264150943396226
2025	2-3	2021–2022	9	VW e-Golf	3.4	32	0.10625
2025	2-3	2021–2022	10	Hyundai Tucson	3.5	37	0.0945945945945946
2025	2-3	2021–2022	10	Suzuki Vitara	3.5	33	0.10606060606060606
2025	2-3	2021–2022	12	Mazda 2	3.6	29	0.12413793103448276
2025	2-3	2021–2022	13	Kia Picanto	3.8	25	0.152
2025	2-3	2021–2022	13	Toyota RAV4	3.8	42	0.09047619047619047
2025	2-3	2021–2022	15	Audi Q5	4.0	58	0.06896551724137931
2025	2-3	2021–2022	15	Hyundai Kona Elektro	4.0	36	0.1111111111111111
2025	2-3	2021–2022	15	Mercedes-Benz A-Class	4.0	40	0.1
2025	2-3	2021–2022	18	BMW 1/2	4.2	39	0.1076923076923077
2025	2-3	2021–2022	18	Suzuki Swift	4.2	31	0.13548387096774195
2025	2-3	2021–2022	20	BMW 2 Active Tourer	4.3	46	0.09347826086956522
2025	2-3	2021–2022	20	BMW X1	4.3	44	0.09772727272727272
2025	2-3	2021–2022	22	Mini Cooper SE	4.4	25	0.17600000000000002
2025	2-3	2021–2022	22	Volvo XC60	4.4	53	0.08301886792452831
2025	2-3	2021–2022	24	Hyundai i10	4.5	25	0.18
2025	2-3	2021–2022	24	Smart ForTwo	4.5	18	0.25
2025	2-3	2021–2022	26	Audi A6/A7	4.6	68	0.06764705882352941
2025	2-3	2021–2022	26	Hyundai ix20	4.6	30	0.15333333333333332
2025	2-3	2021–2022	26	Renault Captur	4.6	30	0.15333333333333332
2025	2-3	2021–2022	26	Toyota Yaris	4.6	28	0.16428571428571428
2025	2-3	2021–2022	26	VW Touareg	4.6	57	0.0807017543859649
2025	2-3	2021–2022	31	Audi A4/A5	4.7	60	0.07833333333333334
2025	2-3	2021–2022	31	BMW X3/X4	4.7	53	0.08867924528301888
2025	2-3	2021–2022	31	Hyundai Kona	4.7	32	0.146875
2025	2-3	2021–2022	34	Mazda 3	4.8	39	0.12307692307692307
2025	2-3	2021–2022	34	Mercedes-Benz C-Class	4.8	60	0.08
2025	2-3	2021–2022	34	Mini	4.8	30	0.16
2025	2-3	2021–2022	37	Audi A3	4.9	41	0.11951219512195123
2025	2-3	2021–2022	37	Mercedes-Benz E-Class	4.9	64	0.0765625
2025	2-3	2021–2022	37	Škoda Karoq	4.9	44	0.11136363636363637
2025	2-3	2021–2022	40	Peugeot 2008	5.0	33	0.15151515151515152
2025	2-3	2021–2022	40	Seat Ateca	5.0	42	0.11904761904761904
2025	2-3	2021–2022	40	VW ID.3	5.0	33	0.15151515151515152
2025	2-3	2021–2022	43	Citroën C3	5.1	30	0.16999999999999998
2025	2-3	2021–2022	43	Peugeot 208	5.1	31	0.16451612903225804
2025	2-3	2021–2022	43	VW Tiguan	5.1	49	0.10408163265306122
2025	2-3	2021–2022	46	Cupra Formentor	5.2	33	0.1575757575757576
2025	2-3	2021–2022	46	Nissan Qashqai	5.2	36	0.14444444444444446
2025	2-3	2021–2022	46	VW T-Cross	5.2	27	0.1925925925925926
2025	2-3	2021–2022	49	Kia Rio	5.3	30	0.17666666666666667
2025	2-3	2021–2022	49	Mazda CX-3	5.3	36	0.14722222222222223
2025	2-3	2021–2022	51	Mercedes-Benz GLE	5.4	59	0.09152542372881356
2025	2-3	2021–2022	52	Audi Q3	5.6	42	0.13333333333333333
2025	2-3	2021–2022	52	Ford Ecosport	5.6	28	0.19999999999999998
2025	2-3	2021–2022	52	Mazda CX-5	5.6	39	0.14358974358974358
2025	2-3	2021–2022	52	Opel Mokka	5.6	25	0.22399999999999998
2025	2-3	2021–2022	56	Nissan Micra	5.7	28	0.20357142857142857
2025	2-3	2021–2022	56	Renault Clio	5.7	32	0.178125
2025	2-3	2021–2022	58	Kia Ceed	5.8	40	0.145
2025	2-3	2021–2022	59	Ford Puma	5.9	31	0.1903225806451613
2025	2-3	2021–2022	59	Renault Scenic	5.9	44	0.1340909090909091
2025	2-3	2021–2022	59	VW ID.4/ID.5	5.9	38	0.15526315789473685
2025	2-3	2021–2022	59	Škoda Fabia	5.9	32	0.184375
2025	2-3	2021–2022	63	Fiat 500	6.1	24	0.25416666666666665
2025	2-3	2021–2022	64	Ford Fiesta	6.2	33	0.1878787878787879
2025	2-3	2021–2022	64	VW Golf	6.2	42	0.14761904761904762
2025	2-3	2021–2022	66	Hyundai i30	6.3	38	0.16578947368421051
2025	2-3	2021–2022	66	Opel Corsa	6.3	29	0.21724137931034482
2025	2-3	2021–2022	66	Renault Twingo	6.0	25	0.24
2025	2-3	2021–2022	69	Peugeot e-208	6.4	30	0.21333333333333335
2025	2-3	2021–2022	70	BMW 3/4	6.5	60	0.10833333333333334
2025	2-3	2021–2022	70	BMW X5/X6	6.5	64	0.1015625
2025	2-3	2021–2022	70	VW Polo	6.5	33	0.19696969696969696
2025	2-3	2021–2022	73	Škoda Kodiaq	6.6	64	0.103125
2025	2-3	2021–2022	74	Kia Sportage	6.7	40	0.1675
2025	2-3	2021–2022	74	Toyota Corolla	6.7	46	0.14565217391304347
2025	2-3	2021–2022	74	VW Touran	6.7	56	0.11964285714285715
2025	2-3	2021–2022	77	Opel Grandland	6.9	41	0.16829268292682928
2025	2-3	2021–2022	78	Toyota Aygo	7.1	31	0.22903225806451613
2025	2-3	2021–2022	78	VW Up!	7.1	35	0.20285714285714285
2025	2-3	2021–2022	80	Fiat Panda	7.3	27	0.27037037037037037
2025	2-3	2021–2022	81	VW e-Up!	7.5	27	0.2777777777777778
2025	2-3	2021–2022	82	Renault Megane	7.8	47	0.16595744680851063
2025	2-3	2021–2022	83	Seat Ibiza	7.9	33	0.2393939393939394
2025	2-3	2021–2022	84	Dacia Sandero	8.0	32	0.25
2025	2-3	2021–2022	85	BMW 5/6	8.2	65	0.12615384615384614
2025	2-3	2021–2022	85	Opel Astra	8.2	47	0.17446808510638295
2025	2-3	2021–2022	85	Seat Arona	8.2	31	0.264516129032258
2025	2-3	2021–2022	85	VW Sharan	8.2	51	0.16078431372549018
2025	2-3	2021–2022	89	Opel e-Corsa	8.3	29	0.28620689655172415
2025	2-3	2021–2022	90	Dacia Duster	8.4	40	0.21000000000000002
2025	2-3	2021–2022	90	Opel Insignia	8.4	60	0.14
2025	2-3	2021–2022	92	Citroën Berlingo	8.7	44	0.19772727272727272
2025	2-3	2021–2022	92	Seat Leon	8.7	43	0.2023255813953488
2025	2-3	2021–2022	94	Audi A1	8.9	31	0.2870967741935484
2025	2-3	2021–2022	94	Renault Zoe	8.9	30	0.2966666666666667
2025	2-3	2021–2022	94	Škoda Citigo	8.9	29	0.30689655172413793
2025	2-3	2021–2022	97	Ford Kuga	9.0	43	0.20930232558139536
2025	2-3	2021–2022	98	Seat Alhambra	9.4	52	0.18076923076923077
2025	2-3	2021–2022	98	Škoda Octavia	9.4	65	0.14461538461538462
2025	2-3	2021–2022	100	Dacia Dokker	9.5	42	0.2261904761904762
2025	2-3	2021–2022	101	Škoda Kamiq	9.6	34	0.2823529411764706
2025	2-3	2021–2022	102	VW Passat	10.1	70	0.14428571428571427
2025	2-3	2021–2022	103	Peugeot 308	10.3	51	0.2019607843137255
2025	2-3	2021–2022	104	Opel Crossland	10.4	28	0.37142857142857144
2025	2-3	2021–2022	104	VW Caddy	10.4	54	0.1925925925925926
2025	2-3	2021–2022	106	Ford Focus	10.6	52	0.20384615384615384
2025	2-3	2021–2022	107	Ford S-Max	11.3	70	0.16142857142857145
2025	2-3	2021–2022	107	Škoda Superb	11.3	70	0.16142857142857145
2025	2-3	2021–2022	109	Škoda Scala	11.8	43	0.2744186046511628
2025	2-3	2021–2022	110	Ford Mondeo	13.2	72	0.18333333333333332
2025	2-3	2021–2022	111	Tesla Model 3	14.2	53	0.2679245283018868
2025	4-5	2019–2020	1	Porsche 911 Carrera	3.1	29	0.10689655172413794
2025	4-5	2019–2020	2	VW Golf Sportsvan	3.6	49	0.07346938775510205
2025	4-5	2019–2020	3	VW T-Roc	4.0	53	0.07547169811320754
2025	4-5	2019–2020	4	Audi Q2	4.5	53	0.08490566037735849
2025	4-5	2019–2020	4	Mercedes-Benz B-Class	4.5	50	0.09
2025	4-5	2019–2020	6	VW e-Golf	4.6	44	0.10454545454545454
2025	4-5	2019–2020	7	Audi A3	5.0	60	0.08333333333333333
2025	4-5	2019–2020	7	Hyundai ix20	5.0	40	0.125
2025	4-5	2019–2020	7	Mercedes-Benz GLC	5.0	69	0.07246376811594203
2025	4-5	2019–2020	10	Toyota RAV4	5.1	61	0.08360655737704917
2025	4-5	2019–2020	11	Skoda Karoq	5.3	62	0.08548387096774193
2025	4-5	2019–2020	12	VW ID.3	5.4	35	0.1542857142857143
2025	4-5	2019–2020	13	Honda Jazz	5.5	41	0.13414634146341464
2025	4-5	2019–2020	14	Mitsubishi ASX	5.6	55	0.10181818181818181
2025	4-5	2019–2020	15	Mercedes-Benz GLE	5.7	72	0.07916666666666666
2025	4-5	2019–2020	16	Audi Q3	5.8	54	0.10740740740740741
2025	4-5	2019–2020	16	Suzuki Vitara	5.8	54	0.10740740740740741
2025	4-5	2019–2020	18	Mercedes-Benz C-Class	5.9	74	0.07972972972972973
2025	4-5	2019–2020	19	Renault Captur	6.0	45	0.13333333333333333
2025	4-5	2019–2020	20	Audi Q5	6.1	73	0.08356164383561643
2025	4-5	2019–2020	20	Mercedes-Benz A-Class	6.1	57	0.10701754385964912
2025	4-5	2019–2020	20	Skoda Kodiaq	6.1	81	0.07530864197530864
2025	4-5	2019–2020	23	Mazda 2	6.2	45	0.13777777777777778
2025	4-5	2019–2020	23	Seat Ateca	6.2	61	0.10163934426229508
2025	4-5	2019–2020	25	VW Golf	6.3	69	0.09130434782608696
2025	4-5	2019–2020	26	Kia Rio	6.4	51	0.12549019607843137
2025	4-5	2019–2020	27	Audi A6/A7	6.5	83	0.0783132530120482
2025	4-5	2019–2020	27	VW Beetle	6.5	44	0.14772727272727273
2025	4-5	2019–2020	27	VW T-Cross	6.5	38	0.17105263157894737
2025	4-5	2019–2020	30	Kia Picanto	6.6	41	0.16097560975609757
2025	4-5	2019–2020	31	VW Polo	7.1	52	0.13653846153846153
2025	4-5	2019–2020	31	VW Tiguan	7.1	71	0.09999999999999999
2025	4-5	2019–2020	33	Audi A4/A5	7.2	81	0.08888888888888889
2025	4-5	2019–2020	33	Ford Puma	7.2	36	0.2
2025	4-5	2019–2020	33	Mazda CX-3	7.2	49	0.1469387755102041
2025	4-5	2019–2020	33	VW Touareg	7.2	84	0.08571428571428572
2025	4-5	2019–2020	37	Volvo XC60	7.3	80	0.09125
2025	4-5	2019–2020	38	Suzuki Swift	7.4	51	0.1450980392156863
2025	4-5	2019–2020	39	Mercedes-Benz E-Class	7.5	103	0.07281553398058252
2025	4-5	2019–2020	40	Hyundai Kona	7.6	50	0.152
2025	4-5	2019–2020	41	Nissan Qashqai	7.7	56	0.1375
2025	4-5	2019–2020	41	Opel Mokka	7.7	52	0.14807692307692308
2025	4-5	2019–2020	43	Ford Ecosport	7.9	46	0.17173913043478262
2025	4-5	2019–2020	43	Hyundai Kona Elektro	7.9	51	0.15490196078431373
2025	4-5	2019–2020	45	Hyundai i20	8.1	51	0.1588235294117647
2025	4-5	2019–2020	45	Opel Adam	8.1	44	0.18409090909090908
2025	4-5	2019–2020	47	Ford Fiesta	8.2	51	0.16078431372549018
2025	4-5	2019–2020	47	Opel Grandland	8.2	59	0.13898305084745763
2025	4-5	2019–2020	47	Toyota Yaris	8.2	46	0.1782608695652174
2025	4-5	2019–2020	47	Škoda Fabia	8.2	52	0.1576923076923077
2025	4-5	2019–2020	51	Mazda CX-5	8.5	62	0.13709677419354838
2025	4-5	2019–2020	51	VW Touran	8.5	81	0.10493827160493827
2025	4-5	2019–2020	51	Škoda Octavia	8.5	85	0.1
2025	4-5	2019–2020	54	Kia Ceed	8.7	58	0.15
2025	4-5	2019–2020	54	Seat Mii	8.7	51	0.17058823529411762
2025	4-5	2019–2020	54	Smart ForTwo	8.7	32	0.271875
2025	4-5	2019–2020	54	VW Up!	8.7	48	0.18125
2025	4-5	2019–2020	58	Škoda Rapid	8.8	59	0.14915254237288136
2025	4-5	2019–2020	59	VW e-Up!	9.0	30	0.3
2025	4-5	2019–2020	59	Škoda Citigo	9.0	46	0.1956521739130435
2025	4-5	2019–2020	61	Seat Arona	9.1	48	0.18958333333333333
2025	4-5	2019–2020	62	BMW 1/2	9.2	60	0.15333333333333332
2025	4-5	2019–2020	62	Hyundai Tucson	9.2	59	0.1559322033898305
2025	4-5	2019–2020	62	Renault Scenic	9.2	60	0.15333333333333332
2025	4-5	2019–2020	62	Seat Ibiza	9.2	54	0.17037037037037037
2025	4-5	2019–2020	66	Seat Leon	9.3	68	0.13676470588235295
2025	4-5	2019–2020	67	Hyundai i30	9.4	60	0.15666666666666668
2025	4-5	2019–2020	67	Kia Sportage	9.4	60	0.15666666666666668
2025	4-5	2019–2020	69	BMW 3/4	9.7	82	0.11829268292682926
2025	4-5	2019–2020	69	Ford Kuga	9.7	63	0.15396825396825395
2025	4-5	2019–2020	69	Nissan Micra	9.7	47	0.20638297872340425
2025	4-5	2019–2020	72	Renault Twingo	9.8	39	0.2512820512820513
2025	4-5	2019–2020	73	Audi A1	9.9	47	0.21063829787234042
2025	4-5	2019–2020	73	Fiat 500	9.9	38	0.2605263157894737
2025	4-5	2019–2020	75	Citroën C3	10.1	48	0.21041666666666667
2025	4-5	2019–2020	76	Peugeot 208	10.3	47	0.21914893617021278
2025	4-5	2019–2020	76	VW Passat	10.3	93	0.11075268817204302
2025	4-5	2019–2020	78	Mazda 3	10.4	59	0.17627118644067796
2025	4-5	2019–2020	78	Opel Corsa	10.4	47	0.22127659574468087
2025	4-5	2019–2020	78	Toyota Aygo	10.4	45	0.23111111111111113
2025	4-5	2019–2020	81	Ford C-Max	10.6	63	0.16825396825396824
2025	4-5	2019–2020	81	Opel Astra	10.6	68	0.15588235294117647
2025	4-5	2019–2020	83	Ford Focus	10.7	66	0.1621212121212121
2025	4-5	2019–2020	83	Skoda Kamiq	10.7	40	0.26749999999999996
2025	4-5	2019–2020	85	Škoda Superb	10.8	92	0.11739130434782609
2025	4-5	2019–2020	86	Renault Megane	11.2	65	0.1723076923076923
2025	4-5	2019–2020	87	Toyota Corolla	11.3	63	0.17936507936507937
2025	4-5	2019–2020	88	BMW X3/X4	11.4	72	0.15833333333333333
2025	4-5	2019–2020	88	Citroën Berlingo	11.4	66	0.17272727272727273
2025	4-5	2019–2020	88	Ford Mondeo	11.4	89	0.12808988764044943
2025	4-5	2019–2020	91	Peugeot 2008	11.5	49	0.23469387755102042
2025	4-5	2019–2020	92	Renault Clio	11.7	53	0.22075471698113205
2025	4-5	2019–2020	93	VW Caddy	11.9	81	0.1469135802469136
2025	4-5	2019–2020	94	Fiat Panda	12.0	45	0.26666666666666666
2025	4-5	2019–2020	94	Peugeot 308	12.0	71	0.16901408450704225
2025	4-5	2019–2020	96	Ford S-Max	12.3	85	0.14470588235294118
2025	4-5	2019–2020	97	Ford Ka+	12.5	43	0.29069767441860467
2025	4-5	2019–2020	98	Hyundai i10	13.4	42	0.3190476190476191
2025	4-5	2019–2020	99	Dacia Sandero	13.6	49	0.27755102040816326
2025	4-5	2019–2020	99	Opel Insignia	13.6	84	0.1619047619047619
2025	4-5	2019–2020	101	BMW X5/X6	14.4	83	0.17349397590361446
2025	4-5	2019–2020	102	Renault Zoe	14.5	42	0.34523809523809523
2025	4-5	2019–2020	103	Mini	15.6	48	0.325
2025	4-5	2019–2020	104	Opel Crossland	15.7	43	0.3651162790697674
2025	4-5	2019–2020	105	Dacia Duster	16.2	58	0.2793103448275862
2025	4-5	2019–2020	106	Dacia Dokker	16.7	62	0.2693548387096774
2025	4-5	2019–2020	107	Dacia Logan	16.8	63	0.26666666666666666
2025	4-5	2019–2020	108	BMW X1	17.4	61	0.2852459016393442
2025	4-5	2019–2020	109	Seat Alhambra	17.5	76	0.23026315789473684
2025	4-5	2019–2020	110	BMW 2 Active Tourer	17.6	63	0.27936507936507937
2025	4-5	2019–2020	111	BMW 5/6	17.7	89	0.19887640449438201
2025	4-5	2019–2020	112	VW Sharan	18.5	83	0.22289156626506024
2025	4-5	2019–2020	113	Tesla Model 3	19.7	74	0.2662162162162162
2025	6-7	2017–2018	1	Porsche 911 Carrera	3.1	40	0.0775
2025	6-7	2017–2018	2	VW T-Roc	6.0	72	0.08333333333333333
2025	6-7	2017–2018	3	Mazda CX-3	6.6	69	0.09565217391304347
2025	6-7	2017–2018	4	VW Golf Sportsvan	6.8	70	0.09714285714285714
2025	6-7	2017–2018	5	Mercedes-Benz B-Class	7.4	71	0.10422535211267606
2025	6-7	2017–2018	6	Audi Q2	7.7	71	0.10845070422535212
2025	6-7	2017–2018	7	Honda Jazz	8.4	57	0.1473684210526316
2025	6-7	2017–2018	7	Seat Ateca	8.4	86	0.09767441860465116
2025	6-7	2017–2018	9	Mazda 2	8.7	67	0.1298507462686567
2025	6-7	2017–2018	10	Audi A3	9.1	89	0.10224719101123596
2025	6-7	2017–2018	11	Mercedes-Benz A-Class	9.2	83	0.1108433734939759
2025	6-7	2017–2018	11	Mitsubishi ASX	9.2	82	0.1121951219512195
2025	6-7	2017–2018	11	Skoda Kodiaq	9.2	103	0.08932038834951456
2025	6-7	2017–2018	14	Suzuki Vitara	9.3	78	0.11923076923076924
2025	6-7	2017–2018	14	VW Tiguan	9.3	94	0.09893617021276596
2025	6-7	2017–2018	16	Seat Arona	9.7	59	0.16440677966101694
2025	6-7	2017–2018	17	VW Golf	10.0	95	0.10526315789473684
2025	6-7	2017–2018	18	Toyota RAV4	10.1	86	0.11744186046511627
2025	6-7	2017–2018	19	Mazda CX-5	10.5	96	0.109375
2025	6-7	2017–2018	20	Audi Q3	10.7	83	0.1289156626506024
2025	6-7	2017–2018	20	Mercedes-Benz GLE/ML	10.7	111	0.09639639639639638
2025	6-7	2017–2018	22	Mercedes-Benz C-Class	11.0	99	0.1111111111111111
2025	6-7	2017–2018	23	Renault Captur	11.1	65	0.17076923076923076
2025	6-7	2017–2018	24	Hyundai i20	11.2	71	0.15774647887323942
2025	6-7	2017–2018	24	Opel Mokka	11.2	72	0.15555555555555556
2025	6-7	2017–2018	26	Opel Grandland	11.3	76	0.1486842105263158
2025	6-7	2017–2018	27	Kia Rio	11.4	70	0.16285714285714287
2025	6-7	2017–2018	28	Audi A1	11.5	71	0.1619718309859155
2025	6-7	2017–2018	28	Mercedes-Benz GLC	11.5	97	0.11855670103092783
2025	6-7	2017–2018	30	Renault Scenic	11.6	82	0.14146341463414633
2025	6-7	2017–2018	31	VW Touran	11.7	113	0.10353982300884955
2025	6-7	2017–2018	32	Opel Meriva	11.8	66	0.1787878787878788
2025	6-7	2017–2018	33	Audi Q5	11.9	117	0.10170940170940171
2025	6-7	2017–2018	33	Opel Adam	11.9	60	0.19833333333333333
2025	6-7	2017–2018	35	Seat Leon	12.2	95	0.12842105263157894
2025	6-7	2017–2018	36	Volvo XC60	12.4	114	0.10877192982456141
2025	6-7	2017–2018	36	Škoda Octavia	12.4	115	0.10782608695652174
2025	6-7	2017–2018	38	Škoda Citigo	12.5	61	0.20491803278688525
2025	6-7	2017–2018	38	Škoda Fabia	12.5	75	0.16666666666666666
2025	6-7	2017–2018	38	Škoda Yeti	12.5	81	0.15432098765432098
2025	6-7	2017–2018	41	Opel Astra	12.6	96	0.13125
2025	6-7	2017–2018	41	Suzuki Swift	12.6	73	0.17260273972602738
2025	6-7	2017–2018	41	Toyota Yaris	12.6	62	0.2032258064516129
2025	6-7	2017–2018	44	Audi A6/A7	12.9	128	0.10078125
2025	6-7	2017–2018	45	Ford Ecosport	13.0	63	0.20634920634920634
2025	6-7	2017–2018	45	VW Polo	13.0	70	0.18571428571428572
2025	6-7	2017–2018	45	Škoda Rapid	13.0	85	0.15294117647058825
2025	6-7	2017–2018	48	Nissan Qashqai	13.1	81	0.1617283950617284
2025	6-7	2017–2018	48	VW Up!	13.1	66	0.1984848484848485
2025	6-7	2017–2018	50	Mercedes-Benz E-Class	13.2	129	0.10232558139534884
2025	6-7	2017–2018	50	VW Beetle	13.2	62	0.2129032258064516
2025	6-7	2017–2018	52	Mazda 3	13.3	85	0.15647058823529414
2025	6-7	2017–2018	53	Ford Kuga	13.4	90	0.1488888888888889
2025	6-7	2017–2018	54	Hyundai ix20	13.5	60	0.225
2025	6-7	2017–2018	54	Toyota Auris	13.5	82	0.16463414634146342
2025	6-7	2017–2018	54	Škoda Superb	13.5	125	0.108
2025	6-7	2017–2018	57	VW Touareg	13.7	118	0.11610169491525422
2025	6-7	2017–2018	58	Ford C-Max	13.8	84	0.16428571428571428
2025	6-7	2017–2018	58	Hyundai Tucson	13.8	87	0.15862068965517243
2025	6-7	2017–2018	58	Kia Ceed	13.8	89	0.1550561797752809
2025	6-7	2017–2018	61	Ford B-Max	13.9	60	0.23166666666666666
2025	6-7	2017–2018	61	Kia Sportage	13.9	87	0.15977011494252874
2025	6-7	2017–2018	61	Smart ForTwo	13.9	49	0.2836734693877551
2025	6-7	2017–2018	61	Toyota Aygo	13.9	62	0.2241935483870968
2025	6-7	2017–2018	61	VW Passat	13.9	134	0.10373134328358209
2025	6-7	2017–2018	66	BMW 1/2	14.0	83	0.1686746987951807
2025	6-7	2017–2018	67	Ford Ka+	14.1	56	0.2517857142857143
2025	6-7	2017–2018	67	Ford Mondeo	14.1	122	0.11557377049180327
2025	6-7	2017–2018	67	Ford S-Max	14.1	117	0.12051282051282051
2025	6-7	2017–2018	67	Seat Mii	14.1	66	0.21363636363636362
2025	6-7	2017–2018	71	Audi A4/A5	14.4	114	0.12631578947368421
2025	6-7	2017–2018	72	Peugeot 208	14.5	66	0.2196969696969697
2025	6-7	2017–2018	73	BMW X3/X4	14.6	107	0.13644859813084112
2025	6-7	2017–2018	74	VW Caddy	15.1	110	0.13727272727272727
2025	6-7	2017–2018	75	Renault Megane	15.3	87	0.17586206896551726
2025	6-7	2017–2018	76	Opel Corsa	15.4	67	0.22985074626865673
2025	6-7	2017–2018	77	Seat Ibiza	15.5	80	0.19375
2025	6-7	2017–2018	78	BMW 3/4	15.7	113	0.13893805309734514
2025	6-7	2017–2018	79	Peugeot 2008	15.8	68	0.2323529411764706
2025	6-7	2017–2018	79	Peugeot 308	15.8	101	0.15643564356435644
2025	6-7	2017–2018	81	Fiat 500	16.1	54	0.29814814814814816
2025	6-7	2017–2018	82	Renault Twingo	16.4	56	0.2928571428571428
2025	6-7	2017–2018	83	Citroën C3	16.5	62	0.2661290322580645
2025	6-7	2017–2018	84	Hyundai i10	17.4	58	0.3
2025	6-7	2017–2018	85	Opel Insignia	17.6	124	0.14193548387096774
2025	6-7	2017–2018	86	Ford Fiesta	17.8	73	0.24383561643835616
2025	6-7	2017–2018	86	Kia Picanto	17.8	60	0.2966666666666667
2025	6-7	2017–2018	88	Fiat Panda	18.0	58	0.3103448275862069
2025	6-7	2017–2018	88	Renault Clio	18.0	71	0.2535211267605634
2025	6-7	2017–2018	90	Citroën Berlingo	18.3	94	0.1946808510638298
2025	6-7	2017–2018	91	Hyundai i30	18.4	92	0.19999999999999998
2025	6-7	2017–2018	92	BMW X1	18.7	86	0.21744186046511627
2025	6-7	2017–2018	93	Ford Focus	19.5	100	0.195
2025	6-7	2017–2018	93	Nissan Micra	19.5	57	0.34210526315789475
2025	6-7	2017–2018	95	Mini	19.6	69	0.28405797101449276
2025	6-7	2017–2018	96	Dacia Sandero	19.7	69	0.2855072463768116
2025	6-7	2017–2018	97	Renault Zoe	19.9	61	0.3262295081967213
2025	6-7	2017–2018	98	BMW X5/X6	20.4	121	0.16859504132231404
2025	6-7	2017–2018	99	VW Sharan	20.8	116	0.1793103448275862
2025	6-7	2017–2018	100	Seat Alhambra	20.9	110	0.18999999999999997
2025	6-7	2017–2018	101	BMW 2 Active Tourer	21.2	89	0.23820224719101124
2025	6-7	2017–2018	102	Dacia Logan	22.3	91	0.24505494505494507
2025	6-7	2017–2018	103	BMW 5/6	23.6	111	0.21261261261261263
2025	6-7	2017–2018	104	Dacia Duster	24.3	81	0.3
2025	6-7	2017–2018	105	Dacia Dokker	26.5	89	0.29775280898876405
2025	8-9	2015–2016	1	Porsche 911 Carrera	4.0	51	0.0784313725490196
2025	8-9	2015–2016	2	VW Golf Sportsvan	10.0	89	0.11235955056179775
2025	8-9	2015–2016	3	Mazda 2	10.6	82	0.12926829268292683
2025	8-9	2015–2016	4	Suzuki Vitara	11.0	95	0.11578947368421053
2025	8-9	2015–2016	5	Mercedes-Benz B-Class	11.1	91	0.12197802197802197
2025	8-9	2015–2016	6	Mercedes-Benz ML/GLE	11.8	141	0.08368794326241136
2025	8-9	2015–2016	7	Mercedes-Benz A-Class	12.0	103	0.11650485436893204
2025	8-9	2015–2016	8	Audi A3	12.7	113	0.11238938053097344
2025	8-9	2015–2016	9	Honda Jazz	13.1	79	0.16582278481012658
2025	8-9	2015–2016	10	Mitsubishi ASX	13.3	104	0.1278846153846154
2025	8-9	2015–2016	11	VW Golf	13.6	118	0.1152542372881356
2025	8-9	2015–2016	12	Opel Meriva	13.8	81	0.17037037037037037
2025	8-9	2015–2016	13	Volvo XC60	13.9	137	0.10145985401459855
2025	8-9	2015–2016	14	BMW X1	14.1	111	0.12702702702702703
2025	8-9	2015–2016	15	Hyundai i20	14.3	87	0.16436781609195403
2025	8-9	2015–2016	15	Toyota Aygo	14.3	74	0.19324324324324324
2025	8-9	2015–2016	15	Toyota RAV4	14.3	117	0.12222222222222223
2025	8-9	2015–2016	18	Audi Q5	14.4	136	0.10588235294117647
2025	8-9	2015–2016	19	Audi A1	14.5	94	0.15425531914893617
2025	8-9	2015–2016	19	Mazda CX-5	14.5	119	0.12184873949579832
2025	8-9	2015–2016	21	Suzuki Swift	14.7	90	0.16333333333333333
2025	8-9	2015–2016	22	Renault Captur	14.8	82	0.1804878048780488
2025	8-9	2015–2016	22	VW Touareg	14.8	145	0.10206896551724139
2025	8-9	2015–2016	24	Audi Q3	15.2	105	0.14476190476190476
2025	8-9	2015–2016	24	Mercedes-Benz GLC	15.2	124	0.12258064516129032
2025	8-9	2015–2016	26	Mercedes-Benz C-Class	15.3	126	0.12142857142857143
2025	8-9	2015–2016	27	Audi A4/A5	15.8	145	0.10896551724137932
2025	8-9	2015–2016	27	Ford B-Max	15.8	78	0.20256410256410257
2025	8-9	2015–2016	27	Škoda Octavia	15.8	144	0.10972222222222222
2025	8-9	2015–2016	30	Opel Mokka	15.9	92	0.17282608695652174
2025	8-9	2015–2016	30	Seat Leon	15.9	123	0.12926829268292683
2025	8-9	2015–2016	30	Škoda Fabia	15.9	92	0.17282608695652174
2025	8-9	2015–2016	33	Ford S-Max	16.1	133	0.12105263157894738
2025	8-9	2015–2016	34	Mazda 3	16.2	104	0.15576923076923077
2025	8-9	2015–2016	35	Toyota Yaris	16.4	79	0.20759493670886073
2025	8-9	2015–2016	36	Ford Kuga	16.6	116	0.14310344827586208
2025	8-9	2015–2016	37	Ford Mondeo	16.8	142	0.11830985915492959
2025	8-9	2015–2016	37	VW Up!	16.8	81	0.20740740740740743
2025	8-9	2015–2016	39	VW Passat	17.0	158	0.10759493670886076
2025	8-9	2015–2016	39	Škoda Yeti	17.0	103	0.1650485436893204
2025	8-9	2015–2016	41	Toyota Auris	17.1	101	0.16930693069306932
2025	8-9	2015–2016	42	Škoda Citigo	17.2	80	0.215
2025	8-9	2015–2016	43	Audi A6/A7	17.3	161	0.10745341614906832
2025	8-9	2015–2016	43	Opel Adam	17.3	79	0.2189873417721519
2025	8-9	2015–2016	45	VW Beetle	17.7	81	0.2185185185185185
2025	8-9	2015–2016	45	VW Polo	17.7	88	0.20113636363636364
2025	8-9	2015–2016	47	Opel Corsa	17.9	83	0.21566265060240963
2025	8-9	2015–2016	47	Seat Mii	17.9	81	0.22098765432098763
2025	8-9	2015–2016	49	BMW 1/2	18.1	108	0.1675925925925926
2025	8-9	2015–2016	49	Mercedes-Benz E-Class	18.1	181	0.1
2025	8-9	2015–2016	51	Ford C-Max	18.3	109	0.16788990825688074
2025	8-9	2015–2016	51	Opel Astra	18.3	122	0.15
2025	8-9	2015–2016	53	Hyundai ix20	18.6	77	0.24155844155844158
2025	8-9	2015–2016	54	Hyundai ix35	18.9	103	0.18349514563106795
2025	8-9	2015–2016	54	VW Tiguan	18.9	112	0.16874999999999998
2025	8-9	2015–2016	54	Škoda Rapid	18.9	109	0.17339449541284402
2025	8-9	2015–2016	57	Nissan Qashqai	19.0	105	0.18095238095238095
2025	8-9	2015–2016	58	BMW 3/4	19.3	142	0.1359154929577465
2025	8-9	2015–2016	58	VW Touran	19.3	140	0.13785714285714287
2025	8-9	2015–2016	60	Škoda Roomster	19.5	103	0.18932038834951456
2025	8-9	2015–2016	61	BMW X3/X4	19.6	130	0.15076923076923077
2025	8-9	2015–2016	61	Smart ForTwo	19.6	63	0.3111111111111111
2025	8-9	2015–2016	63	Peugeot 308	20.0	121	0.1652892561983471
2025	8-9	2015–2016	64	Ford Ecosport	20.2	82	0.24634146341463414
2025	8-9	2015–2016	64	Kia Rio	20.2	97	0.20824742268041235
2025	8-9	2015–2016	66	Hyundai i10	20.7	74	0.2797297297297297
2025	8-9	2015–2016	67	Peugeot 208	20.8	83	0.25060240963855424
2025	8-9	2015–2016	67	VW Caddy	20.8	139	0.1496402877697842
2025	8-9	2015–2016	69	Kia Picanto	20.9	72	0.29027777777777775
2025	8-9	2015–2016	70	Škoda Superb	21.0	167	0.12574850299401197
2025	8-9	2015–2016	71	Opel Insignia	21.3	147	0.14489795918367349
2025	8-9	2015–2016	72	Renault Twingo	21.4	69	0.31014492753623185
2025	8-9	2015–2016	73	Citroën Berlingo	21.6	123	0.175609756097561
2025	8-9	2015–2016	74	Peugeot 2008	21.7	93	0.23333333333333334
2025	8-9	2015–2016	75	BMW 2 Active Tourer	21.8	102	0.21372549019607845
2025	8-9	2015–2016	75	Ford Fiesta	21.8	90	0.24222222222222223
2025	8-9	2015–2016	77	Fiat Panda	21.9	73	0.3
2025	8-9	2015–2016	77	Kia Sportage	21.9	107	0.20467289719626167
2025	8-9	2015–2016	77	Seat Alhambra	21.9	141	0.15531914893617021
2025	8-9	2015–2016	80	Nissan Micra	22.4	71	0.31549295774647884
2025	8-9	2015–2016	80	Seat Ibiza	22.4	99	0.22626262626262625
2025	8-9	2015–2016	82	Renault Scenic	22.5	109	0.20642201834862386
2025	8-9	2015–2016	83	Mini	22.7	87	0.26091954022988506
2025	8-9	2015–2016	84	VW Sharan	23.0	147	0.1564625850340136
2025	8-9	2015–2016	85	Kia Ceed	23.1	113	0.20442477876106196
2025	8-9	2015–2016	86	Fiat 500	23.2	70	0.3314285714285714
2025	8-9	2015–2016	87	BMW X5/X6	23.6	152	0.15526315789473685
2025	8-9	2015–2016	88	Hyundai i30	23.8	108	0.22037037037037038
2025	8-9	2015–2016	89	Ford Focus	24.2	122	0.19836065573770492
2025	8-9	2015–2016	90	Citroën C3	24.8	82	0.3024390243902439
2025	8-9	2015–2016	91	Renault Clio	25.7	90	0.28555555555555556
2025	8-9	2015–2016	92	Ford Ka	25.8	76	0.3394736842105263
2025	8-9	2015–2016	93	Renault Megane	26.1	122	0.2139344262295082
2025	8-9	2015–2016	94	BMW 5/6	27.9	159	0.17547169811320754
2025	8-9	2015–2016	95	Dacia Logan	28.3	112	0.2526785714285714
2025	8-9	2015–2016	96	Dacia Sandero	28.6	89	0.32134831460674157
2025	8-9	2015–2016	97	Dacia Duster	29.7	101	0.29405940594059404
2025	8-9	2015–2016	98	Dacia Dokker	30.9	113	0.2734513274336283
2025	10-11	2013–2014	1	Porsche 911 Carrera	5.6	65	0.08615384615384615
2025	10-11	2013–2014	2	Mercedes-Benz A-Class	14.7	120	0.1225
2025	10-11	2013–2014	3	Mercedes-Benz B-Class	14.8	108	0.13703703703703704
2025	10-11	2013–2014	4	VW Touareg	15.1	176	0.08579545454545455
2025	10-11	2013–2014	5	Audi A3	15.9	132	0.12045454545454545
2025	10-11	2013–2014	6	VW Golf Plus	16.2	99	0.16363636363636364
2025	10-11	2013–2014	7	Honda Jazz	16.6	94	0.17659574468085107
2025	10-11	2013–2014	8	Mercedes-Benz ML/GLE	16.9	169	0.09999999999999999
2025	10-11	2013–2014	9	Mitsubishi ASX	17.1	127	0.1346456692913386
2025	10-11	2013–2014	10	Mini	17.3	103	0.1679611650485437
2025	10-11	2013–2014	11	Audi Q5	17.4	157	0.110828025477707
2025	10-11	2013–2014	12	VW Golf	17.6	132	0.13333333333333333
2025	10-11	2013–2014	13	BMW X1	17.8	130	0.13692307692307693
2025	10-11	2013–2014	14	Mazda 3	18.0	114	0.15789473684210525
2025	10-11	2013–2014	14	Volvo XC60	18.0	170	0.10588235294117647
2025	10-11	2013–2014	16	Audi A4/A5	18.8	166	0.11325301204819277
2025	10-11	2013–2014	16	Audi Q3	18.8	128	0.146875
2025	10-11	2013–2014	18	Audi A1	19.1	113	0.1690265486725664
2025	10-11	2013–2014	18	Toyota Auris	19.1	118	0.16186440677966102
2025	10-11	2013–2014	20	Mazda 2	19.4	92	0.21086956521739128
2025	10-11	2013–2014	20	Mercedes-Benz GLK	19.4	146	0.1328767123287671
2025	10-11	2013–2014	22	Škoda Citigo	19.5	96	0.203125
2025	10-11	2013–2014	23	Seat Leon	19.7	137	0.1437956204379562
2025	10-11	2013–2014	24	Smart ForTwo	19.8	80	0.2475
2025	10-11	2013–2014	25	Škoda Yeti	19.9	126	0.15793650793650793
2025	10-11	2013–2014	26	Suzuki Swift	20.1	105	0.19142857142857145
2025	10-11	2013–2014	27	Audi A6/A7	20.4	190	0.10736842105263157
2025	10-11	2013–2014	28	Suzuki Grand Vitara	20.5	119	0.1722689075630252
2025	10-11	2013–2014	29	Ford B-Max	20.7	92	0.225
2025	10-11	2013–2014	30	BMW X5/X6	20.8	181	0.11491712707182321
2025	10-11	2013–2014	30	Ford Kuga	20.8	137	0.15182481751824817
2025	10-11	2013–2014	32	Renault Captur	20.9	99	0.2111111111111111
2025	10-11	2013–2014	33	VW Up!	21.3	97	0.21958762886597938
2025	10-11	2013–2014	34	Toyota Yaris	21.7	97	0.22371134020618555
2025	10-11	2013–2014	35	BMW X3/X4	22.0	154	0.14285714285714285
2025	10-11	2013–2014	36	Seat Mii	22.1	100	0.221
2025	10-11	2013–2014	37	BMW 3/4	22.6	163	0.13865030674846626
2025	10-11	2013–2014	37	Fiat Panda	22.6	82	0.275609756097561
2025	10-11	2013–2014	39	Opel Meriva	22.7	96	0.23645833333333333
2025	10-11	2013–2014	40	BMW 1/2	23.0	134	0.17164179104477612
2025	10-11	2013–2014	40	Opel Mokka	23.0	110	0.20909090909090908
2025	10-11	2013–2014	40	VW Tiguan	23.0	133	0.17293233082706766
2025	10-11	2013–2014	43	VW Touran	23.1	159	0.14528301886792452
2025	10-11	2013–2014	44	Škoda Rapid	23.2	118	0.1966101694915254
2025	10-11	2013–2014	45	Mazda CX-5	23.3	134	0.1738805970149254
2025	10-11	2013–2014	46	Toyota Aygo	23.4	95	0.24631578947368418
2025	10-11	2013–2014	46	VW Beetle	23.4	102	0.22941176470588234
2025	10-11	2013–2014	46	Škoda Fabia	23.4	112	0.2089285714285714
2025	10-11	2013–2014	49	Ford C-Max	23.6	209	0.11291866028708135
2025	10-11	2013–2014	49	Opel Adam	23.6	93	0.2537634408602151
2025	10-11	2013–2014	51	Mercedes-Benz C-Class	23.7	154	0.1538961038961039
2025	10-11	2013–2014	51	VW Polo	23.7	106	0.22358490566037736
2025	10-11	2013–2014	53	Peugeot 208	24.0	102	0.23529411764705882
2025	10-11	2013–2014	54	Škoda Roomster	24.3	121	0.20082644628099175
2025	10-11	2013–2014	55	Škoda Superb	24.5	181	0.13535911602209943
2025	10-11	2013–2014	56	Seat Alhambra	24.7	168	0.14702380952380953
2025	10-11	2013–2014	56	VW Caddy	24.7	156	0.15833333333333333
2025	10-11	2013–2014	58	Mercedes-Benz E-Class	25.3	182	0.13901098901098902
2025	10-11	2013–2014	59	Opel Astra	25.5	137	0.18613138686131386
2025	10-11	2013–2014	60	Hyundai ix20	25.6	92	0.2782608695652174
2025	10-11	2013–2014	61	Opel Corsa	25.7	101	0.25445544554455446
2025	10-11	2013–2014	62	Opel Insignia	26.5	173	0.1531791907514451
2025	10-11	2013–2014	63	Ford Fiesta	26.6	107	0.2485981308411215
2025	10-11	2013–2014	64	VW Sharan	26.7	174	0.15344827586206897
2025	10-11	2013–2014	65	Peugeot 2008	26.8	108	0.24814814814814815
2025	10-11	2013–2014	66	Renault Scenic	26.9	118	0.22796610169491524
2025	10-11	2013–2014	67	Renault Clio	27.1	103	0.2631067961165049
2025	10-11	2013–2014	68	Hyundai ix35	27.3	123	0.22195121951219512
2025	10-11	2013–2014	69	Škoda Octavia	27.5	168	0.1636904761904762
2025	10-11	2013–2014	70	Peugeot 308	27.6	140	0.19714285714285715
2025	10-11	2013–2014	70	VW Passat	27.6	191	0.14450261780104712
2025	10-11	2013–2014	72	Hyundai i10	27.9	83	0.336144578313253
2025	10-11	2013–2014	73	Kia Sportage	28.0	127	0.2204724409448819
2025	10-11	2013–2014	74	Kia Rio	28.3	109	0.25963302752293577
2025	10-11	2013–2014	75	Citroën Berlingo	28.6	138	0.20724637681159422
2025	10-11	2013–2014	76	Fiat 500	28.8	85	0.3388235294117647
2025	10-11	2013–2014	77	Kia Ceed	28.9	131	0.22061068702290076
2025	10-11	2013–2014	77	Kia Picanto	28.9	85	0.33999999999999997
2025	10-11	2013–2014	77	Seat Ibiza	28.9	120	0.24083333333333332
2025	10-11	2013–2014	80	Ford S-Max	29.1	177	0.16440677966101697
2025	10-11	2013–2014	81	Ford Ka	29.5	91	0.3241758241758242
2025	10-11	2013–2014	82	BMW 5/6	29.6	183	0.16174863387978142
2025	10-11	2013–2014	83	Ford Focus	30.0	171	0.17543859649122806
2025	10-11	2013–2014	84	Hyundai i20	30.2	96	0.3145833333333333
2025	10-11	2013–2014	85	Ford Mondeo	30.4	184	0.16521739130434782
2025	10-11	2013–2014	86	Hyundai i30	30.5	120	0.25416666666666665
2025	10-11	2013–2014	87	Dacia Sandero	30.7	105	0.29238095238095235
2025	10-11	2013–2014	87	Nissan Micra	30.7	87	0.3528735632183908
2025	10-11	2013–2014	89	Nissan Qashqai	31.2	130	0.24
2025	10-11	2013–2014	90	Citroën C3	31.9	106	0.3009433962264151
2025	10-11	2013–2014	91	Renault Megane	32.7	136	0.24044117647058827
2025	10-11	2013–2014	92	Renault Twingo	33.0	92	0.358695652173913
2025	10-11	2013–2014	93	Dacia Duster	34.1	122	0.2795081967213115
2025	10-11	2013–2014	94	Dacia Logan	39.6	132	0.3
2025	12-13	2011–2012	1	Porsche 911 Carrera	7.9	71	0.11126760563380282
2025	12-13	2011–2012	2	Mitsubishi ASX	19.6	146	0.13424657534246576
2025	12-13	2011–2012	3	VW Golf Plus	20.6	115	0.1791304347826087
2025	12-13	2011–2012	4	Audi Q5	20.8	177	0.11751412429378531
2025	12-13	2011–2012	4	VW Touareg	20.8	204	0.10196078431372549
2025	12-13	2011–2012	6	BMW X1	21.0	148	0.14189189189189189
2025	12-13	2011–2012	7	Mini	21.2	117	0.1811965811965812
2025	12-13	2011–2012	8	Volvo XC60	21.9	194	0.11288659793814432
2025	12-13	2011–2012	9	Toyota RAV4	22.1	145	0.1524137931034483
2025	12-13	2011–2012	10	Audi Q3	22.6	142	0.1591549295774648
2025	12-13	2011–2012	10	BMW X5/X6	22.6	198	0.11414141414141415
2025	12-13	2011–2012	10	Honda Jazz	22.6	113	0.2
2025	12-13	2011–2012	13	Audi A3	22.8	151	0.1509933774834437
2025	12-13	2011–2012	14	Mazda 3	23.1	126	0.18333333333333335
2025	12-13	2011–2012	15	Mercedes-Benz GLK	24.3	164	0.14817073170731707
2025	12-13	2011–2012	15	Suzuki Swift	24.3	116	0.20948275862068966
2025	12-13	2011–2012	17	BMW X3/X4	24.5	170	0.14411764705882352
2025	12-13	2011–2012	18	Audi A1	24.6	133	0.1849624060150376
2025	12-13	2011–2012	18	Audi A6/A7	24.6	204	0.12058823529411765
2025	12-13	2011–2012	20	VW Golf	24.7	152	0.1625
2025	12-13	2011–2012	21	Toyota Auris	24.9	126	0.1976190476190476
2025	12-13	2011–2012	22	Opel Meriva	25.3	113	0.22389380530973452
2025	12-13	2011–2012	23	Škoda Yeti	25.5	146	0.17465753424657535
2025	12-13	2011–2012	24	Audi A4/A5	25.9	186	0.139247311827957
2025	12-13	2011–2012	25	Smart ForTwo	26.1	95	0.27473684210526317
2025	12-13	2011–2012	26	Mercedes-Benz A-Class	26.4	109	0.2422018348623853
2025	12-13	2011–2012	27	BMW 1	26.7	152	0.1756578947368421
2025	12-13	2011–2012	28	Suzuki Grand Vitara	26.9	134	0.2007462686567164
2025	12-13	2011–2012	28	VW Up!	26.9	109	0.24678899082568806
2025	12-13	2011–2012	30	VW Touran	27.1	179	0.15139664804469274
2025	12-13	2011–2012	31	BMW 3	27.4	180	0.1522222222222222
2025	12-13	2011–2012	32	VW Tiguan	27.5	151	0.18211920529801323
2025	12-13	2011–2012	32	Škoda Superb	27.5	198	0.1388888888888889
2025	12-13	2011–2012	34	Toyota Yaris	27.7	114	0.24298245614035088
2025	12-13	2011–2012	35	Seat Alhambra	27.9	191	0.14607329842931938
2025	12-13	2011–2012	36	VW Caddy	28.5	173	0.16473988439306358
2025	12-13	2011–2012	37	Mercedes-Benz E-Class	28.6	197	0.14517766497461929
2025	12-13	2011–2012	38	Ford C-Max	28.7	208	0.13798076923076924
2025	12-13	2011–2012	39	Opel Astra	28.8	145	0.1986206896551724
2025	12-13	2011–2012	39	VW Polo	28.8	125	0.2304
2025	12-13	2011–2012	39	Škoda Fabia	28.8	127	0.22677165354330708
2025	12-13	2011–2012	42	Mercedes-Benz C-Class	29.0	166	0.1746987951807229
2025	12-13	2011–2012	43	Opel Insignia	29.1	182	0.1598901098901099
2025	12-13	2011–2012	44	Mercedes-Benz B-Class	29.3	121	0.24214876033057853
2025	12-13	2011–2012	45	Škoda Roomster	29.4	136	0.21617647058823528
2025	12-13	2011–2012	46	Škoda Octavia	29.6	178	0.1662921348314607
2025	12-13	2011–2012	47	Opel Corsa	30.0	118	0.2542372881355932
2025	12-13	2011–2012	47	VW Sharan	30.0	198	0.15151515151515152
2025	12-13	2011–2012	49	Mazda 2	30.3	112	0.27053571428571427
2025	12-13	2011–2012	49	Toyota Aygo	30.3	105	0.2885714285714286
2025	12-13	2011–2012	51	Hyundai i10	30.6	96	0.31875000000000003
2025	12-13	2011–2012	52	BMW 5/6	30.9	199	0.15527638190954773
2025	12-13	2011–2012	52	Peugeot 308	30.9	142	0.2176056338028169
2025	12-13	2011–2012	54	Ford Fiesta	31.5	122	0.2581967213114754
2025	12-13	2011–2012	55	Hyundai ix20	31.6	111	0.2846846846846847
2025	12-13	2011–2012	56	VW Passat	31.8	210	0.15142857142857144
2025	12-13	2011–2012	57	Ford Kuga	32.2	167	0.19281437125748505
2025	12-13	2011–2012	57	Renault Scenic	32.2	144	0.22361111111111112
2025	12-13	2011–2012	57	Seat Leon	32.2	153	0.2104575163398693
2025	12-13	2011–2012	60	Kia Ceed	32.5	138	0.23550724637681159
2025	12-13	2011–2012	60	Seat Ibiza	32.5	139	0.23381294964028776
2025	12-13	2011–2012	62	Citroën Berlingo	33.0	160	0.20625
2025	12-13	2011–2012	63	Ford S-Max	33.1	198	0.16717171717171717
2025	12-13	2011–2012	64	Hyundai i20	33.2	111	0.2990990990990991
2025	12-13	2011–2012	64	Hyundai ix35	33.2	140	0.23714285714285716
2025	12-13	2011–2012	66	Ford Ka	33.7	103	0.32718446601941753
2025	12-13	2011–2012	66	Ford Mondeo	33.7	194	0.1737113402061856
2025	12-13	2011–2012	66	Nissan Micra	33.7	100	0.337
2025	12-13	2011–2012	69	Fiat 500	34.0	101	0.33663366336633666
2025	12-13	2011–2012	70	Kia Sportage	34.7	141	0.24609929078014187
2025	12-13	2011–2012	71	Ford Focus	34.8	256	0.1359375
2025	12-13	2011–2012	72	Hyundai i30	35.5	136	0.2610294117647059
2025	12-13	2011–2012	73	Dacia Duster	35.6	135	0.2637037037037037
2025	12-13	2011–2012	74	Citroën C3	35.7	110	0.3245454545454546
2025	12-13	2011–2012	74	Peugeot 207	35.7	113	0.315929203539823
2025	12-13	2011–2012	76	Fiat Panda	36.2	102	0.35490196078431374
2025	12-13	2011–2012	77	Nissan Qashqai	36.3	146	0.24863013698630135
2025	12-13	2011–2012	78	Renault Megane	36.5	148	0.24662162162162163
2025	12-13	2011–2012	79	Dacia Sandero	39.4	118	0.3338983050847458
2025	12-13	2011–2012	80	Renault Clio	39.8	116	0.34310344827586203
2025	12-13	2011–2012	81	Dacia Logan	41.0	146	0.2808219178082192
2025	12-13	2011–2012	82	Renault Twingo	41.5	110	0.37727272727272726
